-- phpMyAdmin SQL Dump
-- version 4.7.7
-- https://www.phpmyadmin.net/
--
-- Host: localhost
-- Generation Time: 2019-01-25 03:37:46
-- 服务器版本： 5.5.27
-- PHP Version: 5.6.32

SET SQL_MODE = "NO_AUTO_VALUE_ON_ZERO";
SET AUTOCOMMIT = 0;
START TRANSACTION;
SET time_zone = "+00:00";


/*!40101 SET @OLD_CHARACTER_SET_CLIENT=@@CHARACTER_SET_CLIENT */;
/*!40101 SET @OLD_CHARACTER_SET_RESULTS=@@CHARACTER_SET_RESULTS */;
/*!40101 SET @OLD_COLLATION_CONNECTION=@@COLLATION_CONNECTION */;
/*!40101 SET NAMES utf8mb4 */;

--
-- Database: `pg`
--

-- --------------------------------------------------------

--
-- 表的结构 `access`
--

CREATE TABLE `access` (
  `id` int(11) NOT NULL,
  `temp1` float NOT NULL,
  `temp2` float DEFAULT NULL,
  `env_temp` float NOT NULL,
  `env_temp2` float NOT NULL DEFAULT '0',
  `delay` int(11) DEFAULT '0',
  `sign` int(11) DEFAULT '0',
  `cindex` int(11) DEFAULT '0',
  `lcount` int(11) NOT NULL DEFAULT '0' COMMENT 'lost count',
  `time` int(11) NOT NULL,
  `devid` int(11) NOT NULL COMMENT '设备ID',
  `psn` int(11) NOT NULL DEFAULT '1' COMMENT 'psnid',
  `cur_time` timestamp NOT NULL DEFAULT CURRENT_TIMESTAMP
) ENGINE=InnoDB DEFAULT CHARSET=utf8;

-- --------------------------------------------------------

--
-- 表的结构 `bdevice`
--

CREATE TABLE `bdevice` (
  `autoid` int(11) NOT NULL,
  `psnid` int(11) NOT NULL,
  `tsn` varchar(16) NOT NULL COMMENT '统一编号',
  `psn` int(11) NOT NULL,
  `id` int(11) NOT NULL,
  `version` int(11) NOT NULL DEFAULT '0' COMMENT '版本',
  `uptime` varchar(4) NOT NULL,
  `count` int(4) NOT NULL DEFAULT '1' COMMENT '采集次数',
  `shed` int(11) NOT NULL COMMENT '棚',
  `state` int(11) NOT NULL DEFAULT '0',
  `rate_id` int(11) NOT NULL DEFAULT '0',
  `rate` int(11) NOT NULL DEFAULT '432000000',
  `assert_flag` int(11) NOT NULL DEFAULT '0' COMMENT 'read assert',
  `url_flag` int(11) NOT NULL DEFAULT '0' COMMENT 'url更换标志',
  `url` varchar(64) NOT NULL COMMENT '域名',
  `info` text NOT NULL
) ENGINE=InnoDB DEFAULT CHARSET=utf8;

-- --------------------------------------------------------

--
-- 表的结构 `brssi`
--

CREATE TABLE `brssi` (
  `id` int(11) NOT NULL,
  `psnid` int(11) NOT NULL,
  `bsn` int(11) NOT NULL,
  `rssi` int(11) NOT NULL,
  `sn1` int(11) NOT NULL DEFAULT '0',
  `rssi1` int(11) NOT NULL DEFAULT '0',
  `sn2` int(11) NOT NULL DEFAULT '0',
  `rssi2` int(11) NOT NULL DEFAULT '0',
  `sn3` int(11) NOT NULL DEFAULT '0',
  `rssi3` int(11) NOT NULL DEFAULT '0',
  `sn4` int(11) NOT NULL DEFAULT '0',
  `rssi4` int(11) NOT NULL DEFAULT '0',
  `time` int(11) NOT NULL
) ENGINE=InnoDB DEFAULT CHARSET=utf8;

--
-- 转存表中的数据 `brssi`
--

INSERT INTO `brssi` (`id`, `psnid`, `bsn`, `rssi`, `sn1`, `rssi1`, `sn2`, `rssi2`, `sn3`, `rssi3`, `sn4`, `rssi4`, `time`) VALUES
(1, 0, 3, -64, 1, -65, 2, -66, 3, -67, 4, -68, 1546659995),
(2, 0, 1, -80, 0, 0, 0, 0, 0, 0, 0, 0, 1546833124),
(3, 0, 1, -80, 0, 0, 0, 0, 0, 0, 0, 0, 1546834021),
(4, 0, 1, -80, 0, 0, 0, 0, 0, 0, 0, 0, 1546834489),
(5, 0, 1, -80, 0, 0, 0, 0, 0, 0, 0, 0, 1546835710),
(6, 0, 1, -80, 0, 0, 0, 0, 0, 0, 0, 0, 1546836548),
(7, 0, 1, -80, 0, 0, 0, 0, 0, 0, 0, 0, 1546838103),
(8, 0, 1, -80, 0, 0, 0, 0, 0, 0, 0, 0, 1546838893),
(9, 0, 1, -80, 0, 0, 0, 0, 0, 0, 0, 0, 1546839191),
(10, 0, 1, -80, 0, 0, 0, 0, 0, 0, 0, 0, 1546840765),
(11, 0, 1, -80, 0, 0, 0, 0, 0, 0, 0, 0, 1546841225),
(12, 0, 1, -80, 0, 0, 0, 0, 0, 0, 0, 0, 1546841793),
(13, 0, 1, -80, 0, 0, 0, 0, 0, 0, 0, 0, 1546842127),
(14, 0, 1, -80, 0, 0, 0, 0, 0, 0, 0, 0, 1546842338),
(15, 0, 1, -80, 0, 0, 0, 0, 0, 0, 0, 0, 1546843025),
(16, 0, 1, -80, 0, 0, 0, 0, 0, 0, 0, 0, 1546843391),
(17, 0, 3, -80, 0, 0, 0, 0, 0, 0, 0, 0, 1546843841),
(18, 0, 3, -80, 0, 0, 0, 0, 0, 0, 0, 0, 1546845063),
(19, 0, 1, -80, 0, 0, 0, 0, 0, 0, 0, 0, 1546845985),
(20, 0, 2, -80, 0, 0, 0, 0, 0, 0, 0, 0, 1546846042),
(21, 0, 1, -80, 0, 0, 0, 0, 0, 0, 0, 0, 1546846311),
(22, 0, 3, -80, 1, -5, 0, 0, 0, 0, 0, 0, 1546847450),
(23, 0, 1, -80, 0, 0, 0, 0, 0, 0, 0, 0, 1546847462),
(24, 0, 1, -80, 0, 0, 0, 0, 0, 0, 0, 0, 1546860132),
(25, 0, 2, -80, 0, 0, 0, 0, 0, 0, 0, 0, 1546860478),
(26, 0, 1, -80, 0, 0, 0, 0, 0, 0, 0, 0, 1546860479),
(27, 0, 2, -80, 0, 0, 0, 0, 0, 0, 0, 0, 1546860701),
(28, 0, 2, -80, 0, 0, 0, 0, 0, 0, 0, 0, 1546862481),
(29, 0, 1, -80, 0, 0, 0, 0, 0, 0, 0, 0, 1546862481),
(30, 0, 2, -80, 0, 0, 0, 0, 0, 0, 0, 0, 1546862482),
(31, 0, 1, -80, 0, 0, 0, 0, 0, 0, 0, 0, 1546862485),
(32, 0, 1, -80, 0, 0, 0, 0, 0, 0, 0, 0, 1546863039),
(33, 0, 2, -80, 0, 0, 0, 0, 0, 0, 0, 0, 1546863645),
(34, 0, 3, -64, 1, -65, 2, -66, 3, -67, 4, -68, 1546864297),
(35, 0, 2, -80, 0, 0, 0, 0, 0, 0, 0, 0, 1546864304),
(36, 0, 3, -64, 1, -65, 2, -66, 3, -67, 4, -68, 1546864360),
(37, 0, 3, -64, 1, -65, 2, -66, 3, -67, 4, -68, 1546864400),
(38, 0, 3, -64, 1, -65, 2, -66, 3, -67, 4, -68, 1546864589),
(39, 0, 3, -64, 1, -65, 2, -66, 3, -67, 4, -68, 1546864635),
(40, 0, 3, -64, 1, -65, 2, -66, 3, -67, 4, -68, 1546864748),
(41, 0, 2, -80, 0, 0, 0, 0, 0, 0, 0, 0, 1546864779),
(42, 0, 3, -64, 1, -65, 2, -66, 3, -67, 4, -68, 1546864779),
(43, 0, 3, -64, 1, -65, 2, -66, 3, -67, 4, -68, 1546864971),
(44, 0, 2, -80, 0, 0, 0, 0, 0, 0, 0, 0, 1546865064),
(45, 0, 1, -80, 0, 0, 0, 0, 0, 0, 0, 0, 1546865333),
(46, 0, 3, -64, 1, -65, 2, -66, 3, -67, 4, -68, 1546865694),
(47, 0, 3, -64, 1, -65, 2, -66, 3, -67, 4, -68, 1546865717),
(48, 0, 3, -64, 1, -65, 2, -66, 3, -67, 4, -68, 1546865732),
(49, 0, 1, -80, 0, 0, 0, 0, 0, 0, 0, 0, 1546865818),
(50, 0, 3, -64, 1, -65, 2, -66, 3, -67, 4, -68, 1546866200),
(51, 0, 3, -64, 1, -65, 2, -66, 3, -67, 4, -68, 1546866219),
(52, 0, 1, -80, 0, 0, 0, 0, 0, 0, 0, 0, 1546867334),
(53, 0, 2, -80, 0, 0, 0, 0, 0, 0, 0, 0, 1546867335),
(54, 0, 2, -80, 0, 0, 0, 0, 0, 0, 0, 0, 1546867337),
(55, 0, 1, -80, 0, 0, 0, 0, 0, 0, 0, 0, 1546867552),
(56, 0, 2, -80, 1, -5, 0, 0, 0, 0, 0, 0, 1546890652),
(57, 0, 1, -80, 0, 0, 0, 0, 0, 0, 0, 0, 1546890652),
(58, 0, 1, -80, 0, 0, 0, 0, 0, 0, 0, 0, 1546890652),
(59, 0, 2, -80, 1, -253, 0, 0, 0, 0, 0, 0, 1546890661),
(60, 0, 1, -80, 0, 0, 0, 0, 0, 0, 0, 0, 1546905055),
(61, 0, 1, -80, 0, 0, 0, 0, 0, 0, 0, 0, 1546905057),
(62, 0, 2, -80, 1, -5, 0, 0, 0, 0, 0, 0, 1546905059),
(63, 0, 2, -80, 1, -245, 0, 0, 0, 0, 0, 0, 1546905064),
(64, 0, 1, -80, 0, 0, 0, 0, 0, 0, 0, 0, 1546919450),
(65, 0, 1, -80, 0, 0, 0, 0, 0, 0, 0, 0, 1546919450),
(66, 0, 2, -80, 1, -245, 0, 0, 0, 0, 0, 0, 1546919453),
(67, 0, 2, -80, 1, -5, 0, 0, 0, 0, 0, 0, 1546919455),
(68, 0, 2, -80, 0, 0, 0, 0, 0, 0, 0, 0, 1546920108),
(69, 0, 2, -80, 0, 0, 0, 0, 0, 0, 0, 0, 1546922448),
(70, 0, 2, -80, 0, 0, 0, 0, 0, 0, 0, 0, 1546922471),
(71, 0, 1, -80, 0, 0, 0, 0, 0, 0, 0, 0, 1546922921),
(72, 0, 1, -80, 0, 0, 0, 0, 0, 0, 0, 0, 1546924412),
(73, 0, 1, -80, 0, 0, 0, 0, 0, 0, 0, 0, 1546924645),
(74, 0, 1, -80, 0, 0, 0, 0, 0, 0, 0, 0, 1546925068),
(75, 0, 2, -80, 1, -237, 0, 0, 0, 0, 0, 0, 1546925087),
(76, 0, 1, -80, 0, 0, 0, 0, 0, 0, 0, 0, 1546925493),
(77, 0, 1, -80, 0, 0, 0, 0, 0, 0, 0, 0, 1546925675),
(78, 0, 2, -80, 0, 0, 0, 0, 0, 0, 0, 0, 1546925688),
(79, 0, 1, -80, 0, 0, 0, 0, 0, 0, 0, 0, 1546925929),
(80, 0, 1, -80, 0, 0, 0, 0, 0, 0, 0, 0, 1546931144),
(81, 0, 2, -80, 0, 0, 0, 0, 0, 0, 0, 0, 1546931144),
(82, 0, 2, -80, 0, 0, 0, 0, 0, 0, 0, 0, 1546931145),
(83, 0, 1, -80, 0, 0, 0, 0, 0, 0, 0, 0, 1546931145),
(84, 0, 1, -80, 0, 0, 0, 0, 0, 0, 0, 0, 1546938563),
(85, 0, 1, -80, 0, 0, 0, 0, 0, 0, 0, 0, 1546938564),
(86, 0, 2, -80, 0, 0, 0, 0, 0, 0, 0, 0, 1546938564),
(87, 0, 1, -80, 0, 0, 0, 0, 0, 0, 0, 0, 1547002235),
(88, 0, 2, -80, 0, 0, 0, 0, 0, 0, 0, 0, 1547002235),
(89, 0, 2, -80, 0, 0, 0, 0, 0, 0, 0, 0, 1547002236),
(90, 0, 1, -80, 0, 0, 0, 0, 0, 0, 0, 0, 1547002236),
(91, 0, 2, -80, 1, -229, 0, 0, 0, 0, 0, 0, 1547005851),
(92, 0, 1, -80, 0, 0, 0, 0, 0, 0, 0, 0, 1547005857),
(93, 2, 1, -80, 0, 0, 0, 0, 0, 0, 0, 0, 1547020249),
(94, 1, 2, -80, 1, -229, 0, 0, 0, 0, 0, 0, 1547020250),
(95, 1, 1, -80, 0, 0, 0, 0, 0, 0, 0, 0, 1547020253),
(96, 2, 2, -80, 1, -229, 0, 0, 0, 0, 0, 0, 1547020257),
(97, 1, 2, -80, 1, -165, 0, 0, 0, 0, 0, 0, 1547034647),
(98, 2, 1, -80, 0, 0, 0, 0, 0, 0, 0, 0, 1547034652),
(99, 1, 1, -80, 0, 0, 0, 0, 0, 0, 0, 0, 1547034652),
(100, 2, 2, -80, 1, -245, 0, 0, 0, 0, 0, 0, 1547034655),
(101, 1, 2, -80, 1, -5, 0, 0, 0, 0, 0, 0, 1547049048),
(102, 2, 2, -80, 1, -229, 0, 0, 0, 0, 0, 0, 1547049048),
(103, 1, 1, -80, 0, 0, 0, 0, 0, 0, 0, 0, 1547049048),
(104, 2, 1, -80, 0, 0, 0, 0, 0, 0, 0, 0, 1547049052),
(105, 2, 2, -80, 1, -229, 0, 0, 0, 0, 0, 0, 1547063446),
(106, 1, 1, -80, 0, 0, 0, 0, 0, 0, 0, 0, 1547063449),
(107, 2, 1, -80, 0, 0, 0, 0, 0, 0, 0, 0, 1547063452),
(108, 1, 2, -80, 1, -231, 0, 0, 0, 0, 0, 0, 1547063452),
(109, 2, 1, -80, 0, 0, 0, 0, 0, 0, 0, 0, 1547077854),
(110, 1, 2, -80, 1, -5, 0, 0, 0, 0, 0, 0, 1547077858),
(111, 1, 1, -80, 0, 0, 0, 0, 0, 0, 0, 0, 1547077858),
(112, 2, 2, -80, 1, -229, 0, 0, 0, 0, 0, 0, 1547077860),
(113, 2, 1, -80, 0, 0, 0, 0, 0, 0, 0, 0, 1547092251),
(114, 2, 2, -80, 1, -229, 0, 0, 0, 0, 0, 0, 1547092252),
(115, 1, 2, -80, 1, -3, 0, 0, 0, 0, 0, 0, 1547092256),
(116, 1, 1, -80, 0, 0, 0, 0, 0, 0, 0, 0, 1547106646),
(117, 2, 2, -80, 1, -229, 0, 0, 0, 0, 0, 0, 1547106651),
(118, 1, 2, -80, 1, -165, 0, 0, 0, 0, 0, 0, 1547106651),
(119, 2, 1, -80, 0, 0, 0, 0, 0, 0, 0, 0, 1547106654),
(120, 1, 2, -80, 1, -5, 0, 0, 0, 0, 0, 0, 1547121046),
(121, 1, 1, -80, 0, 0, 0, 0, 0, 0, 0, 0, 1547121047),
(122, 2, 2, -80, 1, -229, 0, 0, 0, 0, 0, 0, 1547121051),
(123, 2, 1, -80, 0, 0, 0, 0, 0, 0, 0, 0, 1547121053),
(124, 1, 1, -80, 0, 0, 0, 0, 0, 0, 0, 0, 1547135442),
(125, 2, 2, -80, 1, -229, 0, 0, 0, 0, 0, 0, 1547135448),
(126, 2, 1, -80, 0, 0, 0, 0, 0, 0, 0, 0, 1547135448),
(127, 1, 2, -80, 0, 0, 0, 0, 0, 0, 0, 0, 1547135451),
(128, 1, 2, -80, 0, 0, 0, 0, 0, 0, 0, 0, 1547140592),
(129, 2, 1, -80, 0, 0, 0, 0, 0, 0, 0, 0, 1547149842),
(130, 1, 2, -80, 1, -234, 0, 0, 0, 0, 0, 0, 1547149850),
(131, 2, 2, -80, 0, 0, 0, 0, 0, 0, 0, 0, 1547149850),
(132, 1, 1, -80, 0, 0, 0, 0, 0, 0, 0, 0, 1547149855),
(133, 1, 2, -80, 1, -5, 0, 0, 0, 0, 0, 0, 1547164243),
(134, 2, 2, -80, 1, -229, 0, 0, 0, 0, 0, 0, 1547164244),
(135, 1, 1, -80, 0, 0, 0, 0, 0, 0, 0, 0, 1547164246),
(136, 2, 1, -80, 0, 0, 0, 0, 0, 0, 0, 0, 1547164247),
(137, 1, 1, -80, 0, 0, 0, 0, 0, 0, 0, 0, 1547178638),
(138, 1, 2, -80, 1, -249, 0, 0, 0, 0, 0, 0, 1547178639),
(139, 2, 1, -80, 0, 0, 0, 0, 0, 0, 0, 0, 1547178640),
(140, 2, 2, -80, 1, -229, 0, 0, 0, 0, 0, 0, 1547178647),
(141, 2, 1, -80, 0, 0, 0, 0, 0, 0, 0, 0, 1547193035),
(142, 2, 2, -80, 1, -229, 0, 0, 0, 0, 0, 0, 1547193037),
(143, 1, 2, -80, 1, -4, 0, 0, 0, 0, 0, 0, 1547193040),
(144, 1, 1, -80, 0, 0, 0, 0, 0, 0, 0, 0, 1547193041),
(145, 1, 1, -80, 0, 0, 0, 0, 0, 0, 0, 0, 1547207436),
(146, 2, 2, -80, 1, -229, 0, 0, 0, 0, 0, 0, 1547207438),
(147, 2, 1, -80, 0, 0, 0, 0, 0, 0, 0, 0, 1547207441),
(148, 1, 2, -80, 1, -165, 0, 0, 0, 0, 0, 0, 1547207441),
(149, 2, 2, -80, 0, 0, 0, 0, 0, 0, 0, 0, 1547219456),
(150, 1, 1, -80, 0, 0, 0, 0, 0, 0, 0, 0, 1547219456),
(151, 2, 1, -80, 0, 0, 0, 0, 0, 0, 0, 0, 1547219457),
(152, 1, 2, -80, 0, 0, 0, 0, 0, 0, 0, 0, 1547219980),
(153, 2, 1, -80, 0, 0, 0, 0, 0, 0, 0, 0, 1547236251),
(154, 1, 1, -80, 0, 0, 0, 0, 0, 0, 0, 0, 1547236251),
(155, 1, 2, -80, 1, -229, 0, 0, 0, 0, 0, 0, 1547236270),
(156, 2, 2, -80, 1, -229, 0, 0, 0, 0, 0, 0, 1547236271),
(157, 2, 1, -80, 0, 0, 0, 0, 0, 0, 0, 0, 1547250656),
(158, 1, 1, -80, 0, 0, 0, 0, 0, 0, 0, 0, 1547250658),
(159, 2, 2, -80, 1, -229, 0, 0, 0, 0, 0, 0, 1547250672),
(160, 1, 2, -80, 1, -229, 0, 0, 0, 0, 0, 0, 1547250675),
(161, 2, 1, -80, 0, 0, 0, 0, 0, 0, 0, 0, 1547265049),
(162, 1, 1, -80, 0, 0, 0, 0, 0, 0, 0, 0, 1547265055),
(163, 2, 2, -80, 1, -245, 0, 0, 0, 0, 0, 0, 1547265071),
(164, 1, 2, -80, 1, -229, 0, 0, 0, 0, 0, 0, 1547265074),
(165, 1, 1, -80, 0, 0, 0, 0, 0, 0, 0, 0, 1547279443),
(166, 2, 1, -80, 0, 0, 0, 0, 0, 0, 0, 0, 1547279446),
(167, 1, 2, -80, 1, -229, 0, 0, 0, 0, 0, 0, 1547279464),
(168, 2, 2, -80, 1, -245, 0, 0, 0, 0, 0, 0, 1547279468),
(169, 1, 1, -80, 0, 0, 0, 0, 0, 0, 0, 0, 1547293840),
(170, 2, 1, -80, 0, 0, 0, 0, 0, 0, 0, 0, 1547293849),
(171, 2, 2, -80, 1, -229, 0, 0, 0, 0, 0, 0, 1547293865),
(172, 1, 2, -80, 1, -229, 0, 0, 0, 0, 0, 0, 1547293868),
(173, 1, 1, -80, 0, 0, 0, 0, 0, 0, 0, 0, 1547308246),
(174, 2, 1, -80, 0, 0, 0, 0, 0, 0, 0, 0, 1547308248),
(175, 2, 2, -80, 1, -229, 0, 0, 0, 0, 0, 0, 1547308268),
(176, 1, 2, -80, 1, -229, 0, 0, 0, 0, 0, 0, 1547308268),
(177, 2, 1, -80, 0, 0, 0, 0, 0, 0, 0, 0, 1547322645),
(178, 1, 1, -80, 0, 0, 0, 0, 0, 0, 0, 0, 1547322646),
(179, 2, 2, -80, 1, -229, 0, 0, 0, 0, 0, 0, 1547322666),
(180, 1, 2, -80, 1, -229, 0, 0, 0, 0, 0, 0, 1547322667),
(181, 2, 1, -80, 0, 0, 0, 0, 0, 0, 0, 0, 1547337039),
(182, 1, 1, -80, 0, 0, 0, 0, 0, 0, 0, 0, 1547337040),
(183, 1, 2, -80, 1, -229, 0, 0, 0, 0, 0, 0, 1547337059),
(184, 2, 2, -80, 1, -229, 0, 0, 0, 0, 0, 0, 1547337066),
(185, 1, 1, -80, 0, 0, 0, 0, 0, 0, 0, 0, 1547351438),
(186, 2, 1, -80, 0, 0, 0, 0, 0, 0, 0, 0, 1547351438),
(187, 1, 2, -80, 1, -229, 0, 0, 0, 0, 0, 0, 1547351458),
(188, 2, 2, -80, 1, -229, 0, 0, 0, 0, 0, 0, 1547351459),
(189, 2, 1, -80, 0, 0, 0, 0, 0, 0, 0, 0, 1547365833),
(190, 1, 1, -80, 0, 0, 0, 0, 0, 0, 0, 0, 1547365841),
(191, 1, 2, -80, 1, -229, 0, 0, 0, 0, 0, 0, 1547365857),
(192, 2, 2, -80, 1, -229, 0, 0, 0, 0, 0, 0, 1547365860),
(193, 2, 1, -80, 0, 0, 0, 0, 0, 0, 0, 0, 1547380232),
(194, 1, 1, -80, 0, 0, 0, 0, 0, 0, 0, 0, 1547380238),
(195, 2, 2, -80, 1, -229, 0, 0, 0, 0, 0, 0, 1547380256),
(196, 1, 2, -80, 1, -229, 0, 0, 0, 0, 0, 0, 1547380258),
(197, 1, 1, -80, 0, 0, 0, 0, 0, 0, 0, 0, 1547394629),
(198, 2, 1, -80, 0, 0, 0, 0, 0, 0, 0, 0, 1547394632),
(199, 1, 2, -80, 1, -229, 0, 0, 0, 0, 0, 0, 1547394650),
(200, 2, 2, -80, 1, -229, 0, 0, 0, 0, 0, 0, 1547394652),
(201, 2, 1, -80, 0, 0, 0, 0, 0, 0, 0, 0, 1547409034),
(202, 1, 1, -80, 0, 0, 0, 0, 0, 0, 0, 0, 1547409040),
(203, 1, 2, -80, 1, -229, 0, 0, 0, 0, 0, 0, 1547409050),
(204, 2, 2, -80, 1, -229, 0, 0, 0, 0, 0, 0, 1547409053),
(205, 2, 1, -80, 0, 0, 0, 0, 0, 0, 0, 0, 1547423427),
(206, 1, 1, -80, 0, 0, 0, 0, 0, 0, 0, 0, 1547423433),
(207, 2, 2, -80, 1, -229, 0, 0, 0, 0, 0, 0, 1547423452),
(208, 1, 2, -80, 1, -229, 0, 0, 0, 0, 0, 0, 1547423453),
(209, 1, 3, -80, 0, 0, 0, 0, 0, 0, 0, 0, 1547432820),
(210, 1, 3, -80, 0, 0, 0, 0, 0, 0, 0, 0, 1547433871),
(211, 2, 3, -80, 0, 0, 0, 0, 0, 0, 0, 0, 1547434204),
(212, 3, 1, -80, 0, 0, 0, 0, 0, 0, 0, 0, 1547434633),
(213, 2, 2, -80, 0, 0, 0, 0, 0, 0, 0, 0, 1547434909),
(214, 3, 1, -80, 0, 0, 0, 0, 0, 0, 0, 0, 1547435879),
(215, 3, 1, -80, 0, 0, 0, 0, 0, 0, 0, 0, 1547436477),
(216, 3, 1, -80, 0, 0, 0, 0, 0, 0, 0, 0, 1547437073),
(217, 3, 1, -80, 0, 0, 0, 0, 0, 0, 0, 0, 1547437671),
(218, 1, 1, -80, 0, 0, 0, 0, 0, 0, 0, 0, 1547437831),
(219, 2, 1, -80, 0, 0, 0, 0, 0, 0, 0, 0, 1547437832),
(220, 2, 2, -80, 1, -229, 0, 0, 0, 0, 0, 0, 1547437845),
(221, 1, 2, -80, 1, -245, 0, 0, 0, 0, 0, 0, 1547437851),
(222, 2, 3, -80, 0, 0, 0, 0, 0, 0, 0, 0, 1547437897),
(223, 3, 1, -80, 0, 0, 0, 0, 0, 0, 0, 0, 1547438271),
(224, 2, 3, -80, 0, 0, 0, 0, 0, 0, 0, 0, 1547438410),
(225, 3, 1, -80, 0, 0, 0, 0, 0, 0, 0, 0, 1547438873),
(226, 3, 1, -80, 0, 0, 0, 0, 0, 0, 0, 0, 1547439470),
(227, 3, 1, -80, 0, 0, 0, 0, 0, 0, 0, 0, 1547440671),
(228, 3, 1, -80, 0, 0, 0, 0, 0, 0, 0, 0, 1547441143),
(229, 3, 2, -80, 0, 0, 0, 0, 0, 0, 0, 0, 1547441310),
(230, 3, 1, -80, 0, 0, 0, 0, 0, 0, 0, 0, 1547441633),
(231, 3, 2, -80, 0, 0, 0, 0, 0, 0, 0, 0, 1547441700),
(232, 3, 2, -80, 0, 0, 0, 0, 0, 0, 0, 0, 1547441764),
(233, 3, 2, -80, 0, 0, 0, 0, 0, 0, 0, 0, 1547441804),
(234, 3, 2, -80, 0, 0, 0, 0, 0, 0, 0, 0, 1547441841),
(235, 3, 1, -80, 0, 0, 0, 0, 0, 0, 0, 0, 1547442991),
(236, 3, 1, -80, 0, 0, 0, 0, 0, 0, 0, 0, 1547442991),
(237, 3, 2, -80, 0, 0, 0, 0, 0, 0, 0, 0, 1547443003),
(238, 3, 1, -80, 0, 0, 0, 0, 0, 0, 0, 0, 1547443072),
(239, 3, 2, -80, 1, -165, 0, 0, 0, 0, 0, 0, 1547443092),
(240, 3, 1, -80, 0, 0, 0, 0, 0, 0, 0, 0, 1547443371),
(241, 3, 2, -80, 1, -165, 0, 0, 0, 0, 0, 0, 1547443391),
(242, 3, 1, -80, 0, 0, 0, 0, 0, 0, 0, 0, 1547443673),
(243, 3, 2, -80, 1, -165, 0, 0, 0, 0, 0, 0, 1547443694),
(244, 3, 1, -80, 0, 0, 0, 0, 0, 0, 0, 0, 1547443972),
(245, 3, 2, -80, 1, -165, 0, 0, 0, 0, 0, 0, 1547443992),
(246, 3, 1, -80, 0, 0, 0, 0, 0, 0, 0, 0, 1547444272),
(247, 3, 2, -80, 1, -165, 0, 0, 0, 0, 0, 0, 1547444293),
(248, 3, 1, -80, 0, 0, 0, 0, 0, 0, 0, 0, 1547444572),
(249, 3, 2, -80, 1, -165, 0, 0, 0, 0, 0, 0, 1547444593),
(250, 3, 1, -80, 0, 0, 0, 0, 0, 0, 0, 0, 1547444873),
(251, 3, 2, -80, 1, -165, 0, 0, 0, 0, 0, 0, 1547444892),
(252, 3, 1, -80, 0, 0, 0, 0, 0, 0, 0, 0, 1547445093),
(253, 3, 2, -80, 0, 0, 0, 0, 0, 0, 0, 0, 1547445169),
(254, 3, 1, -80, 0, 0, 0, 0, 0, 0, 0, 0, 1547445171),
(255, 3, 1, -80, 0, 0, 0, 0, 0, 0, 0, 0, 1547445194),
(256, 3, 2, -80, 0, 0, 0, 0, 0, 0, 0, 0, 1547445248),
(257, 3, 2, -80, 0, 0, 0, 0, 0, 0, 0, 0, 1547445272),
(258, 3, 1, -80, 0, 0, 0, 0, 0, 0, 0, 0, 1547445472),
(259, 3, 2, -80, 1, 91, 0, 0, 0, 0, 0, 0, 1547445492),
(260, 3, 1, -80, 0, 0, 0, 0, 0, 0, 0, 0, 1547445772),
(261, 3, 2, -80, 1, 91, 0, 0, 0, 0, 0, 0, 1547445793),
(262, 3, 1, -80, 0, 0, 0, 0, 0, 0, 0, 0, 1547446371),
(263, 3, 2, -80, 1, 91, 0, 0, 0, 0, 0, 0, 1547446391),
(264, 3, 1, -80, 0, 0, 0, 0, 0, 0, 0, 0, 1547446466),
(265, 3, 2, -80, 0, 0, 0, 0, 0, 0, 0, 0, 1547446585),
(266, 3, 1, -80, 0, 0, 0, 0, 0, 0, 0, 0, 1547446761),
(267, 2, 3, -80, 0, 0, 0, 0, 0, 0, 0, 0, 1547447191),
(268, 3, 1, -80, 0, 0, 0, 0, 0, 0, 0, 0, 1547447281),
(269, 1, 3, -80, 0, 0, 0, 0, 0, 0, 0, 0, 1547447491),
(270, 2, 1, -80, 0, 0, 0, 0, 0, 0, 0, 0, 1547448209),
(271, 2, 2, -80, 0, 0, 0, 0, 0, 0, 0, 0, 1547448275),
(272, 1, 1, -80, 0, 0, 0, 0, 0, 0, 0, 0, 1547448345),
(273, 1, 2, -80, 0, 0, 0, 0, 0, 0, 0, 0, 1547448446),
(274, 3, 2, -80, 0, 0, 0, 0, 0, 0, 0, 0, 1547448878),
(275, 3, 2, -80, 0, 0, 0, 0, 0, 0, 0, 0, 1547449699),
(276, 3, 1, -80, 0, 0, 0, 0, 0, 0, 0, 0, 1547449847),
(277, 3, 2, -80, 0, 0, 0, 0, 0, 0, 0, 0, 1547450291),
(278, 3, 1, -80, 0, 0, 0, 0, 0, 0, 0, 0, 1547450872),
(279, 3, 2, -80, 1, -138, 0, 0, 0, 0, 0, 0, 1547450898),
(280, 3, 1, -80, 0, 0, 0, 0, 0, 0, 0, 0, 1547451471),
(281, 3, 2, -80, 0, 0, 0, 0, 0, 0, 0, 0, 1547451500),
(282, 3, 1, -80, 0, 0, 0, 0, 0, 0, 0, 0, 1547452076),
(283, 3, 2, -80, 1, 27, 0, 0, 0, 0, 0, 0, 1547452099),
(284, 3, 1, -80, 0, 0, 0, 0, 0, 0, 0, 0, 1547452669),
(285, 3, 2, -80, 0, 0, 0, 0, 0, 0, 0, 0, 1547452699),
(286, 3, 1, -80, 0, 0, 0, 0, 0, 0, 0, 0, 1547453269),
(287, 3, 2, -80, 0, 0, 0, 0, 0, 0, 0, 0, 1547453300),
(288, 3, 1, -80, 0, 0, 0, 0, 0, 0, 0, 0, 1547453869),
(289, 3, 2, -80, 0, 0, 0, 0, 0, 0, 0, 0, 1547453900),
(290, 3, 1, -80, 0, 0, 0, 0, 0, 0, 0, 0, 1547454469),
(291, 3, 2, -80, 0, 0, 0, 0, 0, 0, 0, 0, 1547454500),
(292, 3, 1, -80, 0, 0, 0, 0, 0, 0, 0, 0, 1547455070),
(293, 3, 2, -80, 0, 0, 0, 0, 0, 0, 0, 0, 1547455100),
(294, 3, 1, -80, 0, 0, 0, 0, 0, 0, 0, 0, 1547455670),
(295, 3, 2, -80, 0, 0, 0, 0, 0, 0, 0, 0, 1547455700),
(296, 3, 2, -80, 1, 27, 0, 0, 0, 0, 0, 0, 1547456896),
(297, 3, 1, -80, 0, 0, 0, 0, 0, 0, 0, 0, 1547457073),
(298, 3, 2, -80, 0, 0, 0, 0, 0, 0, 0, 0, 1547457495),
(299, 3, 1, -80, 0, 0, 0, 0, 0, 0, 0, 0, 1547458071),
(300, 3, 1, -80, 0, 0, 0, 0, 0, 0, 0, 0, 1547458670),
(301, 3, 2, -80, 0, 0, 0, 0, 0, 0, 0, 0, 1547458700),
(302, 3, 1, -80, 0, 0, 0, 0, 0, 0, 0, 0, 1547459270),
(303, 3, 2, -80, 0, 0, 0, 0, 0, 0, 0, 0, 1547459301),
(304, 3, 1, -80, 0, 0, 0, 0, 0, 0, 0, 0, 1547459871),
(305, 3, 2, -80, 0, 0, 0, 0, 0, 0, 0, 0, 1547459900),
(306, 3, 1, -80, 0, 0, 0, 0, 0, 0, 0, 0, 1547460475),
(307, 3, 2, -80, 1, 91, 0, 0, 0, 0, 0, 0, 1547460499),
(308, 3, 1, -80, 0, 0, 0, 0, 0, 0, 0, 0, 1547461069),
(309, 3, 2, -80, 0, 0, 0, 0, 0, 0, 0, 0, 1547461099),
(310, 3, 1, -80, 0, 0, 0, 0, 0, 0, 0, 0, 1547461669),
(311, 3, 2, -80, 0, 0, 0, 0, 0, 0, 0, 0, 1547461699),
(312, 1, 3, -80, 0, 0, 0, 0, 0, 0, 0, 0, 1547462263),
(313, 3, 2, -80, 0, 0, 0, 0, 0, 0, 0, 0, 1547462306),
(314, 2, 3, -80, 0, 0, 0, 0, 0, 0, 0, 0, 1547462640),
(315, 2, 3, -80, 0, 0, 0, 0, 0, 0, 0, 0, 1547462977),
(316, 2, 3, -80, 0, 0, 0, 0, 0, 0, 0, 0, 1547481096),
(317, 1, 3, -80, 0, 0, 0, 0, 0, 0, 0, 0, 1547495494),
(318, 2, 3, -80, 0, 0, 0, 0, 0, 0, 0, 0, 1547495498),
(319, 1, 3, -80, 0, 0, 0, 0, 0, 0, 0, 0, 1547509894),
(320, 2, 3, -80, 0, 0, 0, 0, 0, 0, 0, 0, 1547509900),
(321, 1, 3, -80, 0, 0, 0, 0, 0, 0, 0, 0, 1547524294),
(322, 2, 3, -80, 0, 0, 0, 0, 0, 0, 0, 0, 1547524303),
(323, 1, 3, -80, 0, 0, 0, 0, 0, 0, 0, 0, 1547538698),
(324, 2, 3, -80, 0, 0, 0, 0, 0, 0, 0, 0, 1547538704),
(325, 2, 3, -80, 0, 0, 0, 0, 0, 0, 0, 0, 1547539190),
(326, 1, 3, -80, 0, 0, 0, 0, 0, 0, 0, 0, 1547553105),
(327, 2, 3, -80, 0, 0, 0, 0, 0, 0, 0, 0, 1547567499),
(328, 1, 3, -80, 0, 0, 0, 0, 0, 0, 0, 0, 1547567512),
(329, 1, 3, -80, 0, 0, 0, 0, 0, 0, 0, 0, 1547581895),
(330, 2, 3, -80, 0, 0, 0, 0, 0, 0, 0, 0, 1547581900),
(331, 1, 3, -80, 0, 0, 0, 0, 0, 0, 0, 0, 1547596297),
(332, 2, 3, -80, 0, 0, 0, 0, 0, 0, 0, 0, 1547596300),
(333, 1, 3, -80, 0, 0, 0, 0, 0, 0, 0, 0, 1547610701),
(334, 2, 3, -80, 0, 0, 0, 0, 0, 0, 0, 0, 1547610703),
(335, 1, 3, -80, 0, 0, 0, 0, 0, 0, 0, 0, 1547625095),
(336, 2, 3, -80, 0, 0, 0, 0, 0, 0, 0, 0, 1547625107),
(337, 1, 3, -80, 0, 0, 0, 0, 0, 0, 0, 0, 1547625491),
(338, 1, 3, -80, 0, 0, 0, 0, 0, 0, 0, 0, 1547639494),
(339, 2, 3, -80, 0, 0, 0, 0, 0, 0, 0, 0, 1547639510),
(340, 1, 3, -80, 0, 0, 0, 0, 0, 0, 0, 0, 1547653893),
(341, 2, 3, -80, 0, 0, 0, 0, 0, 0, 0, 0, 1547653913),
(342, 1, 3, -80, 0, 0, 0, 0, 0, 0, 0, 0, 1547668287),
(343, 2, 3, -80, 0, 0, 0, 0, 0, 0, 0, 0, 1547668314),
(344, 1, 3, -80, 0, 0, 0, 0, 0, 0, 0, 0, 1547682693),
(345, 2, 3, -80, 0, 0, 0, 0, 0, 0, 0, 0, 1547682710),
(346, 2, 3, -80, 0, 0, 0, 0, 0, 0, 0, 0, 1547697112),
(347, 1, 3, -80, 0, 0, 0, 0, 0, 0, 0, 0, 1547697291),
(348, 1, 1, -80, 0, 0, 0, 0, 0, 0, 0, 0, 1547707899),
(349, 1, 2, -80, 0, 0, 0, 0, 0, 0, 0, 0, 1547710702),
(350, 1, 3, -80, 0, 0, 0, 0, 0, 0, 0, 0, 1547711498),
(351, 2, 3, -80, 0, 0, 0, 0, 0, 0, 0, 0, 1547711513),
(352, 2, 1, -80, 0, 0, 0, 0, 0, 0, 0, 0, 1547719815),
(353, 1, 1, -80, 0, 0, 0, 0, 0, 0, 0, 0, 1547725855),
(354, 1, 2, -80, 1, -37, 0, 0, 0, 0, 0, 0, 1547725875),
(355, 1, 3, -80, 0, 0, 0, 0, 0, 0, 0, 0, 1547725896),
(356, 2, 3, -80, 0, 0, 0, 0, 0, 0, 0, 0, 1547725922),
(357, 2, 1, -80, 0, 0, 0, 0, 0, 0, 0, 0, 1547740255),
(358, 1, 1, -80, 0, 0, 0, 0, 0, 0, 0, 0, 1547740258),
(359, 1, 2, -80, 1, -37, 0, 0, 0, 0, 0, 0, 1547740269),
(360, 1, 3, -80, 0, 0, 0, 0, 0, 0, 0, 0, 1547740290),
(361, 2, 3, -80, 0, 0, 0, 0, 0, 0, 0, 0, 1547740325),
(362, 1, 1, -80, 0, 0, 0, 0, 0, 0, 0, 0, 1547754647),
(363, 2, 1, -80, 0, 0, 0, 0, 0, 0, 0, 0, 1547754650),
(364, 1, 2, -80, 1, -45, 0, 0, 0, 0, 0, 0, 1547754667),
(365, 1, 3, -80, 0, 0, 0, 0, 0, 0, 0, 0, 1547754691),
(366, 2, 3, -80, 0, 0, 0, 0, 0, 0, 0, 0, 1547754726),
(367, 1, 1, -80, 0, 0, 0, 0, 0, 0, 0, 0, 1547769050),
(368, 2, 1, -80, 0, 0, 0, 0, 0, 0, 0, 0, 1547769057),
(369, 1, 2, -80, 1, -37, 0, 0, 0, 0, 0, 0, 1547769069),
(370, 1, 3, -80, 0, 0, 0, 0, 0, 0, 0, 0, 1547769092),
(371, 2, 3, -80, 0, 0, 0, 0, 0, 0, 0, 0, 1547769130),
(372, 1, 1, -80, 0, 0, 0, 0, 0, 0, 0, 0, 1547783448),
(373, 2, 1, -80, 0, 0, 0, 0, 0, 0, 0, 0, 1547783448),
(374, 1, 2, -80, 1, 165, 0, 0, 0, 0, 0, 0, 1547783473),
(375, 1, 3, -80, 0, 0, 0, 0, 0, 0, 0, 0, 1547783484),
(376, 2, 3, -80, 0, 0, 0, 0, 0, 0, 0, 0, 1547783524),
(377, 2, 1, -80, 0, 0, 0, 0, 0, 0, 0, 0, 1547797848),
(378, 1, 1, -80, 0, 0, 0, 0, 0, 0, 0, 0, 1547797848),
(379, 1, 2, -80, 1, 165, 0, 0, 0, 0, 0, 0, 1547797870),
(380, 1, 3, -80, 0, 0, 0, 0, 0, 0, 0, 0, 1547797886),
(381, 2, 3, -80, 0, 0, 0, 0, 0, 0, 0, 0, 1547797929),
(382, 2, 2, -80, 0, 0, 0, 0, 0, 0, 0, 0, 1547800074),
(383, 1, 1, -80, 0, 0, 0, 0, 0, 0, 0, 0, 1547812240),
(384, 2, 1, -80, 0, 0, 0, 0, 0, 0, 0, 0, 1547812243),
(385, 1, 2, -80, 1, 165, 0, 0, 0, 0, 0, 0, 1547812266),
(386, 1, 3, -80, 0, 0, 0, 0, 0, 0, 0, 0, 1547812285),
(387, 2, 3, -80, 0, 0, 0, 0, 0, 0, 0, 0, 1547812332),
(388, 2, 1, -80, 0, 0, 0, 0, 0, 0, 0, 0, 1547826642),
(389, 1, 1, -80, 0, 0, 0, 0, 0, 0, 0, 0, 1547826642),
(390, 1, 2, -80, 1, 165, 0, 0, 0, 0, 0, 0, 1547826668),
(391, 2, 2, -80, 0, 0, 0, 0, 0, 0, 0, 0, 1547826672),
(392, 1, 3, -80, 0, 0, 0, 0, 0, 0, 0, 0, 1547826679),
(393, 2, 3, -80, 0, 0, 0, 0, 0, 0, 0, 0, 1547826730),
(394, 1, 1, -80, 0, 0, 0, 0, 0, 0, 0, 0, 1547841036),
(395, 2, 1, -80, 0, 0, 0, 0, 0, 0, 0, 0, 1547841045),
(396, 1, 2, -80, 0, 0, 0, 0, 0, 0, 0, 0, 1547841066),
(397, 2, 2, -80, 0, 0, 0, 0, 0, 0, 0, 0, 1547841074),
(398, 1, 3, -80, 0, 0, 0, 0, 0, 0, 0, 0, 1547841081),
(399, 2, 3, -80, 0, 0, 0, 0, 0, 0, 0, 0, 1547841135),
(400, 2, 1, -80, 0, 0, 0, 0, 0, 0, 0, 0, 1547855455),
(401, 1, 2, -80, 1, 165, 0, 0, 0, 0, 0, 0, 1547855467),
(402, 2, 2, -80, 0, 0, 0, 0, 0, 0, 0, 0, 1547855474),
(403, 1, 3, -80, 0, 0, 0, 0, 0, 0, 0, 0, 1547855484),
(404, 1, 1, -80, 0, 0, 0, 0, 0, 0, 0, 0, 1547855501),
(405, 2, 3, -80, 0, 0, 0, 0, 0, 0, 0, 0, 1547855538),
(406, 1, 1, -80, 0, 0, 0, 0, 0, 0, 0, 0, 1547856269),
(407, 2, 1, -80, 0, 0, 0, 0, 0, 0, 0, 0, 1547869841),
(408, 1, 2, -80, 1, 165, 0, 0, 0, 0, 0, 0, 1547869854),
(409, 1, 1, -80, 0, 0, 0, 0, 0, 0, 0, 0, 1547869855),
(410, 2, 2, -80, 1, 165, 0, 0, 0, 0, 0, 0, 1547869868),
(411, 1, 3, -80, 0, 0, 0, 0, 0, 0, 0, 0, 1547869875),
(412, 2, 3, -80, 0, 0, 0, 0, 0, 0, 0, 0, 1547869941),
(413, 2, 1, -80, 0, 0, 0, 0, 0, 0, 0, 0, 1547884238),
(414, 1, 1, -80, 0, 0, 0, 0, 0, 0, 0, 0, 1547884248),
(415, 1, 2, -80, 1, 165, 0, 0, 0, 0, 0, 0, 1547884252),
(416, 2, 2, -80, 1, 165, 0, 0, 0, 0, 0, 0, 1547884266),
(417, 1, 3, -80, 0, 0, 0, 0, 0, 0, 0, 0, 1547884273),
(418, 2, 3, -80, 0, 0, 0, 0, 0, 0, 0, 0, 1547884340),
(419, 2, 1, -80, 0, 0, 0, 0, 0, 0, 0, 0, 1547898630),
(420, 1, 1, -80, 0, 0, 0, 0, 0, 0, 0, 0, 1547898655),
(421, 1, 2, -80, 1, 165, 0, 0, 0, 0, 0, 0, 1547898657),
(422, 2, 2, -80, 0, 0, 0, 0, 0, 0, 0, 0, 1547898662),
(423, 1, 3, -80, 0, 0, 0, 0, 0, 0, 0, 0, 1547898674),
(424, 2, 3, -80, 0, 0, 0, 0, 0, 0, 0, 0, 1547898744),
(425, 2, 1, -80, 0, 0, 0, 0, 0, 0, 0, 0, 1547913036),
(426, 1, 1, -80, 0, 0, 0, 0, 0, 0, 0, 0, 1547913051),
(427, 1, 2, -80, 1, 165, 0, 0, 0, 0, 0, 0, 1547913054),
(428, 2, 2, -80, 1, 165, 0, 0, 0, 0, 0, 0, 1547913059),
(429, 1, 3, -80, 0, 0, 0, 0, 0, 0, 0, 0, 1547913065),
(430, 2, 3, -80, 0, 0, 0, 0, 0, 0, 0, 0, 1547913148),
(431, 2, 1, -80, 0, 0, 0, 0, 0, 0, 0, 0, 1547927427),
(432, 1, 1, -80, 0, 0, 0, 0, 0, 0, 0, 0, 1547927442),
(433, 1, 2, -80, 1, 165, 0, 0, 0, 0, 0, 0, 1547927446),
(434, 2, 2, -80, 0, 0, 0, 0, 0, 0, 0, 0, 1547927461),
(435, 1, 3, -80, 0, 0, 0, 0, 0, 0, 0, 0, 1547927465),
(436, 2, 3, -80, 0, 0, 0, 0, 0, 0, 0, 0, 1547927543),
(437, 1, 1, -80, 0, 0, 0, 0, 0, 0, 0, 0, 1547941847),
(438, 1, 2, -80, 1, 167, 0, 0, 0, 0, 0, 0, 1547941848),
(439, 2, 2, -80, 0, 0, 0, 0, 0, 0, 0, 0, 1547941864),
(440, 1, 3, -80, 0, 0, 0, 0, 0, 0, 0, 0, 1547941867),
(441, 2, 3, -80, 0, 0, 0, 0, 0, 0, 0, 0, 1547941950),
(442, 2, 1, -80, 0, 0, 0, 0, 0, 0, 0, 0, 1547942058),
(443, 2, 1, -80, 0, 0, 0, 0, 0, 0, 0, 0, 1547956228),
(444, 1, 2, -80, 1, 165, 0, 0, 0, 0, 0, 0, 1547956243),
(445, 1, 1, -80, 0, 0, 0, 0, 0, 0, 0, 0, 1547956248),
(446, 2, 2, -80, 0, 0, 0, 0, 0, 0, 0, 0, 1547956259),
(447, 1, 3, -80, 0, 0, 0, 0, 0, 0, 0, 0, 1547956264),
(448, 2, 3, -80, 0, 0, 0, 0, 0, 0, 0, 0, 1547956347),
(449, 1, 1, -80, 0, 0, 0, 0, 0, 0, 0, 0, 1547958288),
(450, 1, 2, -80, 0, 0, 0, 0, 0, 0, 0, 0, 1547958289),
(451, 2, 1, -80, 0, 0, 0, 0, 0, 0, 0, 0, 1547970620),
(452, 2, 2, -80, 0, 0, 0, 0, 0, 0, 0, 0, 1547970650),
(453, 1, 3, -80, 0, 0, 0, 0, 0, 0, 0, 0, 1547970664),
(454, 2, 3, -80, 0, 0, 0, 0, 0, 0, 0, 0, 1547970746),
(455, 2, 1, -80, 0, 0, 0, 0, 0, 0, 0, 0, 1547985018),
(456, 2, 2, -80, 0, 0, 0, 0, 0, 0, 0, 0, 1547985049),
(457, 1, 1, -80, 0, 0, 0, 0, 0, 0, 0, 0, 1547985052),
(458, 1, 3, -80, 0, 0, 0, 0, 0, 0, 0, 0, 1547985062),
(459, 1, 2, -80, 1, 165, 0, 0, 0, 0, 0, 0, 1547985073),
(460, 2, 3, -80, 0, 0, 0, 0, 0, 0, 0, 0, 1547985150),
(461, 2, 1, -80, 0, 0, 0, 0, 0, 0, 0, 0, 1547999421),
(462, 2, 2, -80, 1, 165, 0, 0, 0, 0, 0, 0, 1547999447),
(463, 1, 1, -80, 0, 0, 0, 0, 0, 0, 0, 0, 1547999448),
(464, 1, 3, -80, 0, 0, 0, 0, 0, 0, 0, 0, 1547999463),
(465, 1, 2, -80, 1, 165, 0, 0, 0, 0, 0, 0, 1547999473),
(466, 2, 3, -80, 0, 0, 0, 0, 0, 0, 0, 0, 1547999558),
(467, 2, 1, -80, 0, 0, 0, 0, 0, 0, 0, 0, 1548013815),
(468, 2, 2, -80, 0, 0, 0, 0, 0, 0, 0, 0, 1548013851),
(469, 1, 1, -80, 0, 0, 0, 0, 0, 0, 0, 0, 1548013852),
(470, 1, 3, -80, 0, 0, 0, 0, 0, 0, 0, 0, 1548013860),
(471, 1, 2, -80, 1, 165, 0, 0, 0, 0, 0, 0, 1548013874),
(472, 2, 3, -80, 0, 0, 0, 0, 0, 0, 0, 0, 1548013955),
(473, 2, 1, -80, 0, 0, 0, 0, 0, 0, 0, 0, 1548028230),
(474, 1, 1, -80, 0, 0, 0, 0, 0, 0, 0, 0, 1548028250),
(475, 1, 3, -80, 0, 0, 0, 0, 0, 0, 0, 0, 1548028254),
(476, 2, 2, -80, 0, 0, 0, 0, 0, 0, 0, 0, 1548028254),
(477, 1, 2, -80, 1, 165, 0, 0, 0, 0, 0, 0, 1548028270),
(478, 2, 3, -80, 0, 0, 0, 0, 0, 0, 0, 0, 1548028360),
(479, 2, 1, -80, 0, 0, 0, 0, 0, 0, 0, 0, 1548042616),
(480, 2, 2, -80, 0, 0, 0, 0, 0, 0, 0, 0, 1548042649),
(481, 1, 1, -80, 0, 0, 0, 0, 0, 0, 0, 0, 1548042649),
(482, 1, 3, -80, 0, 0, 0, 0, 0, 0, 0, 0, 1548042655),
(483, 1, 2, -80, 1, 165, 0, 0, 0, 0, 0, 0, 1548042671),
(484, 2, 3, -80, 0, 0, 0, 0, 0, 0, 0, 0, 1548042758),
(485, 2, 1, -80, 0, 0, 0, 0, 0, 0, 0, 0, 1548057013),
(486, 2, 2, -80, 0, 0, 0, 0, 0, 0, 0, 0, 1548057045),
(487, 1, 1, -80, 0, 0, 0, 0, 0, 0, 0, 0, 1548057047),
(488, 1, 3, -80, 0, 0, 0, 0, 0, 0, 0, 0, 1548057058),
(489, 1, 2, -80, 1, 165, 0, 0, 0, 0, 0, 0, 1548057062),
(490, 2, 3, -80, 0, 0, 0, 0, 0, 0, 0, 0, 1548057165),
(491, 2, 1, -80, 0, 0, 0, 0, 0, 0, 0, 0, 1548071415),
(492, 2, 2, -80, 0, 0, 0, 0, 0, 0, 0, 0, 1548071445),
(493, 1, 1, -80, 0, 0, 0, 0, 0, 0, 0, 0, 1548071446),
(494, 1, 3, -80, 0, 0, 0, 0, 0, 0, 0, 0, 1548071454),
(495, 1, 2, -80, 1, 165, 0, 0, 0, 0, 0, 0, 1548071461),
(496, 2, 3, -80, 0, 0, 0, 0, 0, 0, 0, 0, 1548071564),
(497, 2, 1, -80, 0, 0, 0, 0, 0, 0, 0, 0, 1548085807),
(498, 1, 1, -80, 0, 0, 0, 0, 0, 0, 0, 0, 1548085841),
(499, 2, 2, -80, 0, 0, 0, 0, 0, 0, 0, 0, 1548085842),
(500, 1, 3, -80, 0, 0, 0, 0, 0, 0, 0, 0, 1548085851),
(501, 1, 2, -80, 1, 165, 0, 0, 0, 0, 0, 0, 1548085861),
(502, 2, 3, -80, 0, 0, 0, 0, 0, 0, 0, 0, 1548085963),
(503, 2, 1, -80, 0, 0, 0, 0, 0, 0, 0, 0, 1548100207),
(504, 2, 2, -80, 0, 0, 0, 0, 0, 0, 0, 0, 1548100239),
(505, 1, 1, -80, 0, 0, 0, 0, 0, 0, 0, 0, 1548100245),
(506, 1, 3, -80, 0, 0, 0, 0, 0, 0, 0, 0, 1548100250),
(507, 1, 2, -80, 1, 165, 0, 0, 0, 0, 0, 0, 1548100257),
(508, 2, 3, -80, 0, 0, 0, 0, 0, 0, 0, 0, 1548100372),
(509, 2, 1, -80, 0, 0, 0, 0, 0, 0, 0, 0, 1548114610),
(510, 2, 2, -80, 1, 165, 0, 0, 0, 0, 0, 0, 1548114635),
(511, 1, 1, -80, 0, 0, 0, 0, 0, 0, 0, 0, 1548114641),
(512, 1, 3, -80, 0, 0, 0, 0, 0, 0, 0, 0, 1548114651),
(513, 1, 2, -80, 1, 165, 0, 0, 0, 0, 0, 0, 1548114659),
(514, 2, 3, -80, 0, 0, 0, 0, 0, 0, 0, 0, 1548114767),
(515, 2, 1, -80, 0, 0, 0, 0, 0, 0, 0, 0, 1548129002),
(516, 2, 2, -80, 0, 0, 0, 0, 0, 0, 0, 0, 1548129032),
(517, 1, 1, -80, 0, 0, 0, 0, 0, 0, 0, 0, 1548129039),
(518, 1, 3, -80, 0, 0, 0, 0, 0, 0, 0, 0, 1548129048),
(519, 1, 2, -80, 1, 165, 0, 0, 0, 0, 0, 0, 1548129054),
(520, 2, 3, -80, 0, 0, 0, 0, 0, 0, 0, 0, 1548129169),
(521, 2, 1, -80, 0, 0, 0, 0, 0, 0, 0, 0, 1548143406),
(522, 1, 1, -80, 0, 0, 0, 0, 0, 0, 0, 0, 1548143434),
(523, 2, 2, -80, 0, 0, 0, 0, 0, 0, 0, 0, 1548143437),
(524, 1, 3, -80, 0, 0, 0, 0, 0, 0, 0, 0, 1548143449),
(525, 1, 2, -80, 1, 165, 0, 0, 0, 0, 0, 0, 1548143452),
(526, 2, 3, -80, 0, 0, 0, 0, 0, 0, 0, 0, 1548143579),
(527, 2, 1, -80, 0, 0, 0, 0, 0, 0, 0, 0, 1548157801),
(528, 2, 2, -80, 1, 165, 0, 0, 0, 0, 0, 0, 1548157827),
(529, 1, 1, -80, 0, 0, 0, 0, 0, 0, 0, 0, 1548157830),
(530, 1, 3, -80, 0, 0, 0, 0, 0, 0, 0, 0, 1548157842),
(531, 1, 2, -80, 1, 165, 0, 0, 0, 0, 0, 0, 1548157850),
(532, 2, 3, -80, 0, 0, 0, 0, 0, 0, 0, 0, 1548157979),
(533, 2, 1, -80, 0, 0, 0, 0, 0, 0, 0, 0, 1548172196),
(534, 1, 1, -80, 0, 0, 0, 0, 0, 0, 0, 0, 1548172229),
(535, 2, 2, -80, 0, 0, 0, 0, 0, 0, 0, 0, 1548172232),
(536, 1, 3, -80, 0, 0, 0, 0, 0, 0, 0, 0, 1548172238),
(537, 1, 2, -80, 1, 165, 0, 0, 0, 0, 0, 0, 1548172256),
(538, 2, 3, -80, 0, 0, 0, 0, 0, 0, 0, 0, 1548172382),
(539, 2, 1, -80, 0, 0, 0, 0, 0, 0, 0, 0, 1548186600),
(540, 1, 1, -80, 0, 0, 0, 0, 0, 0, 0, 0, 1548186629),
(541, 2, 2, -80, 0, 0, 0, 0, 0, 0, 0, 0, 1548186632),
(542, 1, 3, -80, 0, 0, 0, 0, 0, 0, 0, 0, 1548186637),
(543, 1, 2, -80, 1, 165, 0, 0, 0, 0, 0, 0, 1548186649),
(544, 2, 3, -80, 0, 0, 0, 0, 0, 0, 0, 0, 1548186778),
(545, 2, 1, -80, 0, 0, 0, 0, 0, 0, 0, 0, 1548201002),
(546, 2, 2, -80, 1, 165, 0, 0, 0, 0, 0, 0, 1548201024),
(547, 1, 3, -80, 0, 0, 0, 0, 0, 0, 0, 0, 1548201035),
(548, 1, 1, -80, 0, 0, 0, 0, 0, 0, 0, 0, 1548201053),
(549, 1, 2, -80, 1, 165, 0, 0, 0, 0, 0, 0, 1548201053),
(550, 2, 3, -80, 0, 0, 0, 0, 0, 0, 0, 0, 1548201186),
(551, 2, 1, -80, 0, 0, 0, 0, 0, 0, 0, 0, 1548215393),
(552, 2, 2, -80, 0, 0, 0, 0, 0, 0, 0, 0, 1548215428),
(553, 1, 3, -80, 0, 0, 0, 0, 0, 0, 0, 0, 1548215433),
(554, 1, 2, -80, 1, 165, 0, 0, 0, 0, 0, 0, 1548215446),
(555, 1, 1, -80, 0, 0, 0, 0, 0, 0, 0, 0, 1548215450),
(556, 2, 3, -80, 0, 0, 0, 0, 0, 0, 0, 0, 1548215819),
(557, 2, 1, -80, 0, 0, 0, 0, 0, 0, 0, 0, 1548229780),
(558, 2, 2, -80, 1, 165, 0, 0, 0, 0, 0, 0, 1548229816),
(559, 1, 3, -80, 0, 0, 0, 0, 0, 0, 0, 0, 1548229828),
(560, 1, 2, -80, 1, 165, 0, 0, 0, 0, 0, 0, 1548229838),
(561, 1, 1, -80, 0, 0, 0, 0, 0, 0, 0, 0, 1548229848),
(562, 2, 3, -80, 0, 0, 0, 0, 0, 0, 0, 0, 1548229981),
(563, 2, 1, -80, 0, 0, 0, 0, 0, 0, 0, 0, 1548244187),
(564, 2, 2, -80, 0, 0, 0, 0, 0, 0, 0, 0, 1548244221),
(565, 1, 3, -80, 0, 0, 0, 0, 0, 0, 0, 0, 1548244228),
(566, 1, 2, -80, 1, -5, 0, 0, 0, 0, 0, 0, 1548244238),
(567, 1, 1, -80, 0, 0, 0, 0, 0, 0, 0, 0, 1548244249),
(568, 2, 3, -80, 0, 0, 0, 0, 0, 0, 0, 0, 1548244387),
(569, 2, 1, -80, 0, 0, 0, 0, 0, 0, 0, 0, 1548258589),
(570, 2, 2, -80, 0, 0, 0, 0, 0, 0, 0, 0, 1548258617),
(571, 1, 3, -80, 0, 0, 0, 0, 0, 0, 0, 0, 1548258629),
(572, 1, 2, -80, 1, 165, 0, 0, 0, 0, 0, 0, 1548258633),
(573, 1, 1, -80, 0, 0, 0, 0, 0, 0, 0, 0, 1548258643),
(574, 2, 3, -80, 0, 0, 0, 0, 0, 0, 0, 0, 1548258788),
(575, 2, 1, -80, 0, 0, 0, 0, 0, 0, 0, 0, 1548272989),
(576, 2, 2, -80, 0, 0, 0, 0, 0, 0, 0, 0, 1548273017),
(577, 1, 3, -80, 0, 0, 0, 0, 0, 0, 0, 0, 1548273028),
(578, 1, 2, -80, 1, 165, 0, 0, 0, 0, 0, 0, 1548273038),
(579, 1, 1, -80, 0, 0, 0, 0, 0, 0, 0, 0, 1548273047),
(580, 2, 3, -80, 0, 0, 0, 0, 0, 0, 0, 0, 1548273187),
(581, 2, 1, -80, 0, 0, 0, 0, 0, 0, 0, 0, 1548287389),
(582, 2, 2, -80, 1, 165, 0, 0, 0, 0, 0, 0, 1548287416),
(583, 1, 3, -80, 0, 0, 0, 0, 0, 0, 0, 0, 1548287422),
(584, 1, 1, -80, 0, 0, 0, 0, 0, 0, 0, 0, 1548287469),
(585, 1, 2, -80, 1, -2, 0, 0, 0, 0, 0, 0, 1548287476),
(586, 2, 3, -80, 0, 0, 0, 0, 0, 0, 0, 0, 1548287591),
(587, 1, 2, -80, 0, 0, 0, 0, 0, 0, 0, 0, 1548288268),
(588, 2, 1, -80, 0, 0, 0, 0, 0, 0, 0, 0, 1548301785),
(589, 2, 2, -80, 1, 165, 0, 0, 0, 0, 0, 0, 1548301809),
(590, 1, 3, -80, 0, 0, 0, 0, 0, 0, 0, 0, 1548301822),
(591, 1, 1, -80, 0, 0, 0, 0, 0, 0, 0, 0, 1548301841),
(592, 1, 2, -80, 0, 0, 0, 0, 0, 0, 0, 0, 1548301876),
(593, 2, 3, -80, 0, 0, 0, 0, 0, 0, 0, 0, 1548301990),
(594, 2, 1, -80, 0, 0, 0, 0, 0, 0, 0, 0, 1548316175),
(595, 2, 2, -80, 0, 0, 0, 0, 0, 0, 0, 0, 1548316211),
(596, 1, 3, -80, 0, 0, 0, 0, 0, 0, 0, 0, 1548316217),
(597, 1, 1, -80, 0, 0, 0, 0, 0, 0, 0, 0, 1548316234),
(598, 1, 2, -80, 0, 0, 0, 0, 0, 0, 0, 0, 1548316278),
(599, 2, 1, -80, 0, 0, 0, 0, 0, 0, 0, 0, 1548330579),
(600, 2, 2, -80, 0, 0, 0, 0, 0, 0, 0, 0, 1548330607),
(601, 1, 3, -80, 0, 0, 0, 0, 0, 0, 0, 0, 1548330623),
(602, 1, 1, -80, 0, 0, 0, 0, 0, 0, 0, 0, 1548330634),
(603, 1, 2, -80, 0, 0, 0, 0, 0, 0, 0, 0, 1548330676),
(604, 2, 1, -80, 0, 0, 0, 0, 0, 0, 0, 0, 1548344976),
(605, 2, 2, -80, 1, 165, 0, 0, 0, 0, 0, 0, 1548345001),
(606, 1, 3, -80, 0, 0, 0, 0, 0, 0, 0, 0, 1548345013),
(607, 1, 1, -80, 0, 0, 0, 0, 0, 0, 0, 0, 1548345034),
(608, 1, 2, -80, 0, 0, 0, 0, 0, 0, 0, 0, 1548345073);

-- --------------------------------------------------------

--
-- 表的结构 `device`
--

CREATE TABLE `device` (
  `id` int(11) NOT NULL,
  `psn` int(11) NOT NULL DEFAULT '0' COMMENT 'psnid',
  `shed` int(11) NOT NULL COMMENT '棚',
  `fold` int(11) NOT NULL COMMENT '栏',
  `time` timestamp NOT NULL DEFAULT CURRENT_TIMESTAMP ON UPDATE CURRENT_TIMESTAMP COMMENT '时间',
  `flag` int(1) NOT NULL COMMENT '状态',
  `state` int(1) NOT NULL COMMENT '情况',
  `s_count` int(11) NOT NULL COMMENT '生产次数',
  `rid` varchar(20) NOT NULL COMMENT 'RFID',
  `age` int(11) NOT NULL,
  `devid` int(11) NOT NULL COMMENT '设备ID',
  `sn` varchar(40) DEFAULT NULL COMMENT '牧场SN',
  `version` int(11) NOT NULL DEFAULT '0' COMMENT '版本',
  `battery` int(1) NOT NULL DEFAULT '0',
  `dev_state` int(11) NOT NULL DEFAULT '0',
  `dev_type` int(11) NOT NULL DEFAULT '0',
  `dev_assert` int(11) NOT NULL DEFAULT '0' COMMENT 'assert info',
  `avg_temp` float NOT NULL DEFAULT '0' COMMENT '平均温度'
) ENGINE=InnoDB DEFAULT CHARSET=utf8 COMMENT='设备';

--
-- 转存表中的数据 `device`
--

INSERT INTO `device` (`id`, `psn`, `shed`, `fold`, `time`, `flag`, `state`, `s_count`, `rid`, `age`, `devid`, `sn`, `version`, `battery`, `dev_state`, `dev_type`, `dev_assert`, `avg_temp`) VALUES
(47, 1, 1, 1, '2019-01-17 04:32:03', 0, 1, 0, '2', 1, 2, '', 1, 0, 4, 0, 0, 0),
(48, 1, 1, 1, '2019-01-15 12:40:23', 0, 1, 0, '3', 1, 3, '', 1, 0, 4, 0, 0, 0),
(49, 1, 1, 1, '2019-01-15 12:40:23', 0, 1, 0, '4', 1, 4, '', 1, 0, 4, 0, 0, 0),
(50, 1, 1, 1, '2019-01-15 12:40:23', 0, 1, 0, '5', 1, 5, '', 1, 0, 4, 0, 0, 0),
(51, 1, 1, 1, '2019-01-15 12:40:23', 0, 1, 0, '6', 1, 6, '', 1, 0, 4, 0, 0, 0),
(52, 1, 1, 1, '2019-01-15 12:40:23', 0, 1, 0, '7', 1, 7, '', 1, 0, 4, 0, 0, 0),
(53, 1, 1, 1, '2019-01-15 12:40:23', 0, 1, 0, '8', 1, 8, '', 1, 0, 4, 0, 0, 0),
(54, 1, 1, 1, '2019-01-15 12:40:23', 0, 1, 0, '9', 1, 9, '', 1, 0, 4, 0, 0, 0),
(55, 1, 0, 1, '2019-01-22 03:13:14', 1, 1, 0, '10', 1, 10, '', 1, 0, 4, 1, 8, 0),
(56, 1, 1, 1, '2019-01-15 12:40:23', 0, 1, 0, '11', 1, 11, '', 1, 0, 4, 0, 0, 0),
(57, 1, 1, 1, '2019-01-15 12:40:23', 0, 1, 0, '12', 1, 12, '', 1, 0, 4, 0, 0, 0),
(58, 1, 1, 1, '2019-01-15 12:40:23', 0, 1, 0, '13', 1, 13, '', 1, 0, 4, 0, 0, 0),
(59, 1, 1, 1, '2019-01-15 12:40:23', 0, 1, 0, '14', 1, 14, '', 1, 0, 4, 0, 0, 0),
(60, 1, 1, 1, '2019-01-15 12:40:23', 0, 1, 0, '15', 1, 15, '', 0, 0, 0, 0, 0, 0),
(61, 1, 1, 1, '2019-01-15 12:40:23', 0, 1, 0, '16', 1, 16, '', 0, 0, 0, 0, 0, 0),
(62, 1, 1, 1, '2019-01-15 12:40:23', 0, 1, 0, '17', 1, 17, '', 0, 0, 0, 0, 0, 0),
(63, 1, 1, 1, '2019-01-15 12:40:23', 0, 1, 0, '18', 1, 18, '', 0, 0, 0, 0, 0, 0),
(64, 1, 1, 1, '2019-01-15 12:40:23', 0, 1, 0, '19', 1, 19, '', 0, 0, 0, 0, 0, 0),
(65, 1, 0, 1, '2019-01-22 03:13:14', 1, 1, 0, '20', 1, 20, '', 1, 0, 4, 2, 8, 0),
(66, 1, 0, 1, '2019-01-23 07:45:48', 1, 1, 0, '21', 1, 21, '5377', 1, 0, 4, 0, 0, 35.56),
(67, 1, 0, 1, '2019-01-23 07:58:11', 1, 1, 0, '22', 1, 22, '8981', 1, 0, 4, 0, 0, 35.16),
(68, 1, 0, 1, '2019-01-23 07:58:11', 1, 1, 0, '23', 1, 23, '5410', 1, 0, 4, 0, 0, 35.02),
(69, 1, 0, 1, '2019-01-23 07:58:11', 1, 1, 0, '24', 1, 24, '10290', 1, 0, 4, 0, 0, 34.75),
(70, 1, 0, 1, '2019-01-23 07:58:11', 1, 1, 0, '25', 1, 25, '1883', 1, 0, 4, 0, 0, 35.94),
(71, 1, 0, 1, '2019-01-23 07:58:11', 1, 1, 0, '26', 1, 26, '2316', 1, 0, 4, 0, 0, 34.95),
(72, 1, 0, 1, '2019-01-23 07:58:11', 1, 1, 0, '27', 1, 27, '5045', 1, 0, 4, 0, 0, 35.76),
(73, 1, 0, 1, '2019-01-23 07:58:11', 1, 1, 0, '28', 1, 28, '339', 1, 0, 4, 0, 0, 33.95),
(74, 1, 0, 1, '2019-01-23 07:58:11', 1, 1, 0, '29', 1, 29, '5037', 1, 0, 4, 0, 0, 34.19),
(75, 1, 0, 1, '2019-01-23 07:58:11', 1, 1, 0, '30', 1, 30, '5793', 1, 0, 4, 0, 0, 35.41),
(76, 1, 1, 1, '2019-01-15 12:40:23', 0, 1, 0, '31', 1, 31, '', 0, 0, 0, 0, 0, 0),
(77, 1, 0, 1, '2019-01-23 07:58:11', 1, 1, 0, '32', 1, 32, '4149', 1, 0, 4, 0, 0, 34.78),
(78, 1, 0, 1, '2019-01-23 07:58:11', 1, 1, 0, '33', 1, 33, '5401', 1, 0, 4, 0, 0, 33.48),
(79, 1, 0, 1, '2019-01-23 07:58:11', 1, 1, 0, '34', 1, 34, '5402', 1, 0, 4, 0, 0, 35.46),
(80, 1, 1, 1, '2019-01-15 12:40:23', 0, 1, 0, '35', 1, 35, '', 1, 0, 4, 0, 0, 0),
(81, 1, 1, 1, '2019-01-15 12:40:23', 0, 1, 0, '36', 1, 36, '', 1, 0, 4, 0, 0, 0),
(82, 1, 0, 1, '2019-01-23 07:58:11', 1, 1, 0, '37', 1, 37, '5309', 1, 0, 4, 0, 0, 34.59),
(83, 1, 0, 1, '2019-01-23 07:58:11', 1, 1, 0, '38', 1, 38, '8725', 1, 0, 4, 0, 0, 34.66),
(84, 1, 1, 1, '2019-01-15 12:40:23', 0, 1, 0, '39', 1, 39, '', 1, 0, 4, 0, 0, 0),
(85, 1, 0, 1, '2019-01-23 07:58:11', 1, 1, 0, '40', 1, 40, '4160', 1, 0, 4, 0, 0, 32.75),
(86, 1, 0, 1, '2019-01-23 07:58:11', 1, 1, 0, '41', 1, 41, '1050', 1, 0, 4, 0, 0, 35.29),
(87, 1, 0, 1, '2019-01-23 07:58:11', 1, 1, 0, '42', 1, 42, '289', 1, 0, 4, 0, 0, 35.09),
(88, 1, 1, 1, '2019-01-15 12:40:23', 0, 1, 0, '43', 1, 43, '', 1, 0, 4, 0, 0, 0),
(89, 1, 0, 1, '2019-01-23 07:58:11', 1, 1, 0, '44', 1, 44, '108', 1, 0, 4, 0, 0, 35.42),
(90, 1, 0, 1, '2019-01-23 07:58:11', 1, 1, 0, '45', 1, 45, '4009', 1, 0, 4, 0, 0, 36.75),
(91, 1, 0, 1, '2019-01-23 07:58:11', 1, 1, 0, '46', 1, 46, '8519', 1, 0, 4, 0, 0, 35.13),
(92, 1, 0, 1, '2019-01-23 07:58:11', 1, 1, 0, '47', 1, 47, '1043', 1, 0, 4, 0, 0, 35.82),
(93, 1, 0, 1, '2019-01-23 07:58:11', 1, 1, 0, '48', 1, 48, '4154', 1, 0, 4, 0, 0, 33.07),
(94, 1, 0, 1, '2019-01-23 07:58:11', 1, 1, 0, '49', 1, 49, '14101', 1, 0, 4, 0, 0, 34.05),
(95, 1, 1, 1, '2019-01-15 12:40:23', 0, 1, 0, '50', 1, 50, '', 0, 0, 0, 0, 0, 0),
(96, 1, 0, 1, '2019-01-23 07:58:11', 1, 1, 0, '51', 1, 51, '0116', 1, 0, 4, 0, 0, 34.97),
(97, 1, 0, 1, '2019-01-23 07:58:11', 1, 1, 0, '52', 1, 52, '521', 1, 0, 4, 0, 0, 35.1),
(98, 1, 0, 1, '2019-01-23 07:58:12', 1, 1, 0, '53', 1, 53, 'L0034', 1, 0, 4, 0, 0, 33.47),
(99, 1, 0, 1, '2019-01-23 07:58:12', 1, 1, 0, '54', 1, 54, '4136', 1, 0, 4, 0, 0, 32.59),
(100, 1, 0, 1, '2019-01-23 07:58:12', 1, 1, 0, '55', 1, 55, '902', 1, 0, 4, 0, 0, 35.05),
(101, 1, 0, 1, '2019-01-23 07:58:12', 1, 1, 0, '56', 1, 56, '2028', 1, 0, 4, 0, 0, 32.14),
(102, 1, 0, 1, '2019-01-23 07:58:12', 1, 1, 0, '57', 1, 57, '4803', 1, 0, 4, 0, 0, 34.08),
(103, 1, 0, 1, '2019-01-23 07:58:12', 1, 1, 0, '58', 1, 58, '4898', 1, 0, 4, 0, 0, 36.24),
(104, 1, 1, 1, '2019-01-15 12:40:23', 0, 1, 0, '59', 1, 59, '', 0, 0, 0, 0, 0, 0),
(105, 1, 0, 1, '2019-01-23 07:58:12', 1, 1, 0, '60', 1, 60, '1458', 1, 0, 4, 0, 0, 35.12),
(106, 1, 0, 1, '2019-01-23 07:58:12', 1, 1, 0, '61', 1, 61, '180110', 1, 0, 4, 0, 0, 35.73),
(107, 1, 0, 1, '2019-01-22 03:13:14', 1, 1, 0, '62', 1, 62, '5950', 1, 0, 4, 0, 0, 0),
(108, 1, 0, 1, '2019-01-23 07:58:12', 1, 1, 0, '63', 1, 63, '8773', 1, 0, 4, 0, 0, 34.43),
(109, 1, 0, 1, '2019-01-22 03:13:14', 1, 1, 0, '64', 1, 64, '110606', 1, 0, 4, 0, 0, 0),
(110, 1, 0, 1, '2019-01-23 07:58:12', 1, 1, 0, '65', 1, 65, '2199', 1, 0, 4, 0, 0, 34.7),
(111, 1, 0, 1, '2019-01-23 07:58:12', 1, 1, 0, '66', 1, 66, '0141', 1, 0, 4, 0, 0, 34.78),
(112, 1, 0, 1, '2019-01-23 07:58:12', 1, 1, 0, '67', 1, 67, '14100', 1, 0, 4, 0, 0, 34.02),
(113, 1, 0, 1, '2019-01-23 07:58:12', 1, 1, 0, '68', 1, 68, '180118', 1, 0, 4, 0, 0, 35.63),
(114, 1, 0, 1, '2019-01-23 07:58:12', 1, 1, 0, '69', 1, 69, '170612', 1, 0, 4, 0, 0, 36.75),
(115, 1, 0, 1, '2019-01-23 07:58:12', 1, 1, 0, '70', 1, 70, '170611', 1, 0, 4, 0, 0, 35.7),
(116, 1, 0, 1, '2019-01-23 07:58:12', 1, 1, 0, '71', 1, 71, '180115', 1, 0, 4, 0, 0, 35.32),
(117, 1, 0, 1, '2019-01-23 07:58:12', 1, 1, 0, '72', 1, 72, '180102', 1, 0, 4, 0, 0, 35.95),
(118, 1, 0, 1, '2019-01-23 07:58:12', 1, 1, 0, '73', 1, 73, '8769', 1, 0, 4, 0, 0, 36),
(119, 1, 0, 1, '2019-01-23 07:58:12', 1, 1, 0, '74', 1, 74, '170602', 1, 0, 4, 0, 0, 36.13),
(120, 1, 0, 1, '2019-01-23 07:58:12', 1, 1, 0, '75', 1, 75, '550', 1, 0, 4, 0, 0, 33.62),
(121, 1, 0, 1, '2019-01-23 07:58:12', 1, 1, 0, '76', 1, 76, '170610', 1, 0, 4, 0, 0, 36.61),
(122, 1, 0, 1, '2019-01-23 07:58:12', 1, 1, 0, '77', 1, 77, '170608', 1, 0, 4, 0, 0, 34.98),
(123, 1, 0, 1, '2019-01-23 07:58:12', 1, 1, 0, '78', 1, 78, '180113', 1, 0, 4, 0, 0, 37.41),
(124, 1, 0, 1, '2019-01-23 07:58:12', 1, 1, 0, '79', 1, 79, '080109', 1, 0, 4, 0, 0, 34.64),
(125, 1, 0, 1, '2019-01-23 07:58:12', 1, 1, 0, '80', 1, 80, '170601', 1, 0, 4, 0, 0, 36.99),
(126, 1, 0, 1, '2019-01-23 07:58:12', 1, 1, 0, '81', 1, 81, '180120', 1, 0, 4, 0, 0, 34.9),
(127, 1, 0, 1, '2019-01-23 07:58:12', 1, 1, 0, '82', 1, 82, '8474', 1, 0, 4, 0, 0, 33.3),
(128, 1, 0, 1, '2019-01-23 07:58:12', 1, 1, 0, '83', 1, 83, '2708', 1, 0, 4, 0, 0, 33.75),
(129, 1, 0, 1, '2019-01-23 07:58:12', 1, 1, 0, '84', 1, 84, '0614', 1, 0, 4, 0, 0, 36.6),
(130, 1, 0, 1, '2019-01-23 07:58:12', 1, 1, 0, '85', 1, 85, '635', 1, 0, 4, 0, 0, 33.88),
(131, 1, 0, 1, '2019-01-23 07:58:12', 1, 1, 0, '86', 1, 86, '1461', 1, 0, 4, 0, 0, 34.43),
(132, 1, 0, 1, '2019-01-23 07:58:12', 1, 1, 0, '87', 1, 87, '180103', 1, 0, 4, 0, 0, 36.8),
(133, 1, 0, 1, '2019-01-23 07:58:12', 1, 1, 0, '88', 1, 88, '180106', 1, 0, 4, 0, 0, 35.96),
(134, 1, 0, 1, '2019-01-23 07:58:12', 1, 1, 0, '89', 1, 89, '180114', 1, 0, 4, 0, 0, 34.72),
(135, 1, 0, 1, '2019-01-23 07:58:12', 1, 1, 0, '90', 1, 90, '180112', 1, 0, 4, 0, 0, 34.6),
(136, 1, 0, 1, '2019-01-23 07:58:12', 1, 1, 0, '91', 1, 91, '14110', 1, 0, 4, 0, 0, 35.14),
(137, 1, 1, 1, '2019-01-15 12:40:23', 0, 1, 0, '92', 1, 92, '', 1, 0, 4, 0, 0, 0),
(138, 1, 0, 1, '2019-01-23 07:58:12', 1, 1, 0, '93', 1, 93, '14099', 1, 0, 4, 0, 0, 36.02),
(139, 1, 1, 1, '2019-01-15 12:40:23', 0, 1, 0, '94', 1, 94, '', 1, 0, 4, 0, 0, 0),
(140, 1, 1, 1, '2019-01-15 12:40:23', 0, 1, 0, '95', 1, 95, '', 1, 0, 4, 0, 0, 0),
(141, 1, 0, 1, '2019-01-23 07:58:12', 1, 1, 0, '96', 1, 96, '180119', 1, 0, 4, 0, 0, 35.72),
(142, 1, 0, 1, '2019-01-23 07:58:13', 1, 1, 0, '97', 1, 97, '180179', 1, 0, 4, 0, 0, 34.35),
(143, 1, 0, 1, '2019-01-23 07:58:13', 1, 1, 0, '98', 1, 98, '180183', 1, 0, 4, 0, 0, 34.35),
(144, 1, 0, 1, '2019-01-23 07:58:13', 1, 1, 0, '99', 1, 99, '180191', 1, 0, 4, 0, 0, 35.22),
(145, 1, 0, 1, '2019-01-23 07:58:13', 1, 1, 0, '100', 1, 100, '180169', 1, 0, 4, 0, 0, 35.39),
(146, 1, 0, 1, '2019-01-23 07:58:13', 1, 1, 0, '101', 1, 101, '180168', 1, 0, 4, 0, 0, 34.83),
(147, 1, 0, 1, '2019-01-23 07:58:13', 1, 1, 0, '102', 1, 102, '180192', 1, 0, 4, 0, 0, 34.9),
(148, 1, 0, 1, '2019-01-23 07:58:13', 1, 1, 0, '103', 1, 103, '180167', 1, 0, 4, 0, 0, 32.31),
(149, 1, 0, 1, '2019-01-23 07:58:13', 1, 1, 0, '104', 1, 104, '180182', 1, 0, 4, 0, 0, 33.55),
(150, 1, 1, 1, '2019-01-15 12:40:23', 0, 1, 0, '105', 1, 105, '', 0, 0, 0, 0, 0, 0),
(151, 1, 0, 1, '2019-01-23 07:58:13', 1, 1, 0, '106', 1, 106, '180159', 1, 0, 4, 0, 0, 34.66),
(152, 1, 0, 1, '2019-01-23 07:58:13', 1, 1, 0, '107', 1, 107, '17098', 1, 0, 4, 0, 0, 35.57),
(153, 1, 1, 1, '2019-01-15 12:40:23', 0, 1, 0, '108', 1, 108, '', 1, 0, 4, 0, 0, 0),
(154, 1, 0, 1, '2019-01-23 07:58:13', 1, 1, 0, '109', 1, 109, '180166', 1, 0, 4, 0, 0, 34.73),
(155, 1, 0, 1, '2019-01-23 07:58:13', 1, 1, 0, '110', 1, 110, '180164', 1, 0, 4, 0, 0, 35.31),
(156, 1, 0, 1, '2019-01-23 07:58:13', 1, 1, 0, '111', 1, 111, '180163', 1, 0, 4, 0, 0, 32.59),
(157, 1, 0, 1, '2019-01-23 07:58:13', 1, 1, 0, '112', 1, 112, '180197', 1, 0, 4, 0, 0, 34.56),
(158, 1, 0, 1, '2019-01-23 07:58:13', 1, 1, 0, '113', 1, 113, '180177', 1, 0, 4, 0, 0, 33.54),
(159, 1, 0, 1, '2019-01-23 07:58:13', 1, 1, 0, '114', 1, 114, '180174', 1, 0, 4, 0, 0, 35.49),
(160, 1, 0, 1, '2019-01-23 07:58:13', 1, 1, 0, '115', 1, 115, '180171', 1, 0, 4, 0, 0, 32.63),
(161, 1, 0, 1, '2019-01-23 07:58:13', 1, 1, 0, '116', 1, 116, '180161', 1, 0, 4, 0, 0, 34.28),
(162, 1, 1, 1, '2019-01-15 12:40:23', 0, 1, 0, '117', 1, 117, '', 1, 0, 4, 0, 0, 0),
(163, 1, 0, 1, '2019-01-23 07:58:13', 1, 1, 0, '118', 1, 118, '180186', 1, 0, 4, 0, 0, 33.69),
(164, 1, 0, 1, '2019-01-23 07:58:13', 1, 1, 0, '119', 1, 119, '180180', 1, 0, 4, 0, 0, 36.74),
(165, 1, 0, 1, '2019-01-23 07:58:13', 1, 1, 0, '120', 1, 120, '180195', 1, 0, 4, 0, 0, 36.19),
(166, 1, 0, 1, '2019-01-23 07:58:13', 1, 1, 0, '121', 1, 121, '180173', 1, 0, 4, 0, 0, 34.65),
(167, 1, 0, 1, '2019-01-23 07:58:13', 1, 1, 0, '122', 1, 122, '180162', 1, 0, 4, 0, 0, 34.08),
(168, 1, 0, 1, '2019-01-23 07:58:13', 1, 1, 0, '123', 1, 123, '180131', 1, 0, 4, 0, 0, 35.34),
(169, 1, 0, 1, '2019-01-23 07:58:13', 1, 1, 0, '124', 1, 124, '180196', 1, 0, 4, 0, 0, 35.44),
(170, 1, 1, 1, '2019-01-15 12:40:23', 0, 1, 0, '125', 1, 125, '', 1, 0, 4, 0, 0, 0),
(171, 1, 0, 1, '2019-01-23 07:58:13', 1, 1, 0, '126', 1, 126, '180187', 1, 0, 4, 0, 0, 35.75),
(172, 1, 0, 1, '2019-01-23 07:58:13', 1, 1, 0, '127', 1, 127, '180158', 1, 0, 4, 0, 0, 34.93),
(173, 1, 0, 1, '2019-01-23 07:58:13', 1, 1, 0, '128', 1, 128, '180188', 1, 0, 4, 0, 0, 35.58),
(174, 1, 0, 1, '2019-01-23 07:58:13', 1, 1, 0, '129', 1, 129, '180185', 1, 0, 4, 0, 0, 35.19),
(175, 1, 0, 1, '2019-01-23 07:58:13', 1, 1, 0, '130', 1, 130, '180165', 1, 0, 4, 0, 0, 36.07),
(176, 1, 0, 1, '2019-01-23 07:58:13', 1, 1, 0, '131', 1, 131, '180181', 1, 0, 4, 0, 0, 35.51),
(177, 1, 0, 1, '2019-01-23 07:58:13', 1, 1, 0, '132', 1, 132, '180175', 1, 0, 4, 0, 0, 37.1),
(178, 1, 1, 1, '2019-01-15 12:40:23', 0, 1, 0, '133', 1, 133, '', 1, 0, 4, 0, 0, 0),
(179, 1, 0, 1, '2019-01-23 07:58:13', 1, 1, 0, '134', 1, 134, '180194', 1, 0, 4, 0, 0, 34.75),
(180, 1, 0, 1, '2019-01-23 07:58:13', 1, 1, 0, '135', 1, 135, '180172', 1, 0, 4, 0, 0, 34.86),
(181, 1, 0, 1, '2019-01-23 07:58:13', 1, 1, 0, '136', 1, 136, '180178', 1, 0, 4, 0, 0, 35.56),
(182, 1, 0, 1, '2019-01-23 07:58:13', 1, 1, 0, '137', 1, 137, '180180', 1, 0, 4, 0, 0, 35.79),
(183, 1, 0, 1, '2019-01-23 07:58:13', 1, 1, 0, '138', 1, 138, 'N0', 1, 0, 4, 0, 0, 35.93),
(184, 1, 0, 1, '2019-01-23 07:58:13', 1, 1, 0, '139', 1, 139, '180199', 1, 0, 4, 0, 0, 35.89),
(185, 1, 0, 1, '2019-01-23 07:58:13', 1, 1, 0, '140', 1, 140, '180176', 1, 0, 4, 0, 0, 35.4),
(186, 1, 1, 1, '2019-01-15 12:40:23', 0, 1, 0, '141', 1, 141, '', 1, 0, 4, 0, 0, 0),
(187, 1, 0, 1, '2019-01-23 07:58:13', 1, 1, 0, '142', 1, 142, '180190', 1, 0, 4, 0, 0, 35.49),
(188, 1, 0, 1, '2019-01-23 07:58:14', 1, 1, 0, '143', 1, 143, '180208', 1, 0, 4, 0, 0, 33.45),
(189, 1, 0, 1, '2019-01-23 07:58:14', 1, 1, 0, '144', 1, 144, '180193', 1, 0, 4, 0, 0, 36.2),
(190, 1, 0, 1, '2019-01-23 07:58:14', 1, 1, 0, '145', 1, 145, '180206', 1, 0, 4, 0, 0, 34.39),
(191, 1, 1, 1, '2019-01-15 12:40:23', 0, 1, 0, '146', 1, 146, '', 1, 0, 4, 0, 0, 0),
(192, 1, 0, 1, '2019-01-23 07:58:14', 1, 1, 0, '147', 1, 147, 'N2', 1, 0, 4, 0, 0, 34.57),
(193, 1, 0, 1, '2019-01-23 07:58:14', 1, 1, 0, '148', 1, 148, '180200', 1, 0, 4, 0, 0, 35.5),
(194, 1, 0, 1, '2019-01-23 07:58:14', 1, 1, 0, '149', 1, 149, '180201', 1, 0, 4, 0, 0, 34.91),
(195, 1, 0, 1, '2019-01-23 07:58:14', 1, 1, 0, '150', 1, 150, '180203', 1, 0, 4, 0, 0, 33.71),
(196, 1, 0, 1, '2019-01-23 07:58:14', 1, 1, 0, '151', 1, 151, 'N4', 1, 0, 4, 0, 0, 34.39),
(197, 1, 1, 1, '2019-01-15 12:40:23', 0, 1, 0, '152', 1, 152, '', 0, 0, 0, 0, 0, 0),
(198, 1, 0, 1, '2019-01-23 07:58:14', 1, 1, 0, '153', 1, 153, 'N1', 1, 0, 4, 0, 0, 34.33),
(199, 1, 0, 1, '2019-01-23 07:58:14', 1, 1, 0, '154', 1, 154, 'N3', 1, 0, 4, 0, 0, 34.3),
(200, 1, 0, 1, '2019-01-23 07:58:14', 1, 1, 0, '155', 1, 155, '180207', 1, 0, 4, 0, 0, 34.65),
(201, 1, 0, 1, '2019-01-23 07:58:14', 1, 1, 0, '156', 1, 156, '180204', 1, 0, 4, 0, 0, 34.36),
(202, 1, 1, 1, '2019-01-15 12:40:23', 0, 1, 0, '157', 1, 157, '', 0, 0, 0, 0, 0, 0),
(203, 1, 0, 1, '2019-01-23 07:58:14', 1, 1, 0, '158', 1, 158, '180164', 1, 0, 4, 0, 0, 35.52),
(204, 1, 0, 1, '2019-01-23 07:58:14', 1, 1, 0, '159', 1, 159, '180209', 1, 0, 4, 0, 0, 35.5),
(205, 1, 0, 1, '2019-01-23 07:58:14', 1, 1, 0, '160', 1, 160, 'NS10', 1, 0, 4, 0, 0, 34.66),
(206, 1, 0, 1, '2019-01-23 07:58:14', 1, 1, 0, '161', 1, 161, 'NS11', 1, 0, 4, 0, 0, 33.87),
(207, 1, 0, 1, '2019-01-23 07:58:14', 1, 1, 0, '162', 1, 162, '180209', 1, 0, 4, 0, 0, 32.83),
(208, 1, 0, 1, '2019-01-23 07:58:14', 1, 1, 0, '163', 1, 163, 'N8', 1, 0, 4, 0, 0, 33.49),
(209, 1, 0, 1, '2019-01-23 07:58:14', 1, 1, 0, '164', 1, 164, 'N9', 1, 0, 4, 0, 0, 33.37),
(210, 1, 0, 1, '2019-01-23 07:58:14', 1, 1, 0, '165', 1, 165, 'N7', 1, 0, 4, 0, 0, 34.26),
(211, 1, 0, 1, '2019-01-23 07:58:14', 1, 1, 0, '166', 1, 166, 'N5', 1, 0, 4, 0, 0, 33.94),
(212, 1, 0, 1, '2019-01-23 07:58:14', 1, 1, 0, '167', 1, 167, '180202', 1, 0, 4, 0, 0, 32.53),
(213, 1, 1, 1, '2019-01-15 12:40:23', 0, 1, 0, '168', 1, 168, '', 1, 0, 4, 0, 0, 0),
(214, 1, 1, 1, '2019-01-15 12:40:23', 0, 1, 0, '169', 1, 169, '', 1, 0, 4, 0, 0, 0),
(215, 1, 1, 1, '2019-01-15 12:40:23', 0, 1, 0, '170', 1, 170, '', 1, 0, 4, 0, 0, 0),
(216, 1, 1, 1, '2019-01-15 12:40:23', 0, 1, 0, '171', 1, 171, '', 1, 0, 4, 0, 0, 0),
(217, 1, 1, 1, '2019-01-22 03:11:36', 0, 1, 0, '172', 1, 172, '', 1, 0, 4, 0, 0, 0),
(218, 1, 1, 1, '2019-01-15 12:40:23', 0, 1, 0, '173', 1, 173, '', 1, 0, 4, 0, 0, 0),
(219, 1, 1, 1, '2019-01-15 12:40:23', 0, 1, 0, '174', 1, 174, '', 1, 0, 4, 0, 0, 0),
(220, 1, 0, 1, '2019-01-23 07:58:14', 1, 1, 0, '175', 1, 175, '180210', 1, 0, 4, 0, 0, 34.61),
(221, 1, 0, 1, '2019-01-23 07:58:14', 1, 1, 0, '176', 1, 176, 'NS', 1, 0, 4, 0, 0, 34.7),
(222, 1, 0, 1, '2019-01-23 07:58:14', 1, 1, 0, '177', 1, 177, '180212', 1, 0, 4, 0, 0, 33.71),
(223, 1, 0, 1, '2019-01-23 07:58:14', 1, 1, 0, '178', 1, 178, 'NS12', 1, 0, 4, 0, 0, 36.01),
(224, 1, 0, 1, '2019-01-23 07:58:14', 1, 1, 0, '179', 1, 179, '180211', 1, 0, 4, 0, 0, 35.91),
(225, 1, 1, 1, '2019-01-15 12:40:23', 0, 1, 0, '180', 1, 180, '', 0, 0, 0, 0, 0, 0),
(226, 1, 0, 1, '2019-01-23 07:58:14', 1, 1, 0, '181', 1, 181, '180213', 1, 0, 4, 0, 0, 36.37),
(227, 1, 0, 1, '2019-01-23 07:58:14', 1, 1, 0, '182', 1, 182, '180219', 1, 0, 4, 0, 0, 35.35),
(228, 1, 0, 1, '2019-01-23 07:58:14', 1, 1, 0, '183', 1, 183, '180218', 1, 0, 4, 0, 0, 35.86),
(229, 1, 0, 1, '2019-01-23 07:58:14', 1, 1, 0, '184', 1, 184, '180214', 1, 0, 4, 0, 0, 37.51),
(230, 1, 0, 1, '2019-01-23 07:58:14', 1, 1, 0, '185', 1, 185, 'NS8', 1, 0, 4, 0, 0, 35.29),
(231, 1, 0, 1, '2019-01-23 07:58:14', 1, 1, 0, '186', 1, 186, 'NS9', 1, 0, 4, 0, 0, 35.95),
(232, 1, 0, 1, '2019-01-23 07:58:14', 1, 1, 0, '187', 1, 187, '180152', 1, 0, 4, 0, 0, 35.02),
(233, 1, 0, 1, '2019-01-23 07:58:14', 1, 1, 0, '188', 1, 188, '180147', 1, 0, 4, 0, 0, 32.73),
(234, 1, 0, 1, '2019-01-23 07:58:14', 1, 1, 0, '189', 1, 189, '180123', 1, 0, 4, 0, 0, 31.9),
(235, 1, 0, 1, '2019-01-23 07:58:14', 1, 1, 0, '190', 1, 190, '180121', 1, 0, 4, 0, 0, 34.43),
(236, 1, 0, 1, '2019-01-23 07:58:14', 1, 1, 0, '191', 1, 191, '180126', 1, 0, 4, 0, 0, 31.1),
(237, 1, 0, 1, '2019-01-23 07:58:15', 1, 1, 0, '192', 1, 192, '180138', 1, 0, 4, 0, 0, 32.98),
(238, 1, 0, 1, '2019-01-23 07:58:15', 1, 1, 0, '193', 1, 193, '180154', 1, 0, 4, 0, 0, 33.6),
(239, 1, 0, 1, '2019-01-23 07:58:15', 1, 1, 0, '194', 1, 194, '180137', 1, 0, 4, 0, 0, 34.73),
(240, 1, 0, 1, '2019-01-23 07:58:15', 1, 1, 0, '195', 1, 195, 'NS', 1, 0, 4, 0, 0, 36.44),
(241, 1, 0, 1, '2019-01-23 07:58:15', 1, 1, 0, '196', 1, 196, '180135', 1, 0, 4, 0, 0, 34.25),
(242, 1, 0, 1, '2019-01-23 07:58:15', 1, 1, 0, '197', 1, 197, '180122', 1, 0, 4, 0, 0, 33.81),
(243, 1, 0, 1, '2019-01-23 07:58:15', 1, 1, 0, '198', 1, 198, '180144', 1, 0, 4, 0, 0, 31.77),
(244, 1, 0, 1, '2019-01-23 07:58:15', 1, 1, 0, '199', 1, 199, '180141', 1, 0, 4, 0, 0, 35.19),
(245, 1, 0, 1, '2019-01-23 07:58:15', 1, 1, 0, '200', 1, 200, '180132', 1, 0, 4, 0, 0, 31.54),
(246, 1, 0, 1, '2019-01-23 07:58:15', 1, 1, 0, '201', 1, 201, '180129', 1, 0, 4, 0, 0, 32.27),
(247, 1, 1, 1, '2019-01-15 12:40:23', 0, 1, 0, '202', 1, 202, '', 1, 0, 4, 0, 0, 0),
(248, 1, 0, 1, '2019-01-23 07:58:15', 1, 1, 0, '203', 1, 203, '180125', 1, 0, 4, 0, 0, 31.41),
(249, 1, 0, 1, '2019-01-23 07:58:15', 1, 1, 0, '204', 1, 204, '180124', 1, 0, 4, 0, 0, 32.64),
(250, 1, 0, 1, '2019-01-23 07:58:15', 1, 1, 0, '205', 1, 205, '180133', 1, 0, 4, 0, 0, 32.35),
(251, 1, 0, 1, '2019-01-23 07:58:15', 1, 1, 0, '206', 1, 206, '180153', 1, 0, 4, 0, 0, 32.98),
(252, 1, 0, 1, '2019-01-23 07:58:15', 1, 1, 0, '207', 1, 207, '180157', 1, 0, 4, 0, 0, 33.23),
(253, 1, 0, 1, '2019-01-23 07:58:15', 1, 1, 0, '208', 1, 208, '180155', 1, 0, 4, 0, 0, 31.9),
(254, 1, 0, 1, '2019-01-23 07:58:15', 1, 1, 0, '209', 1, 209, '180127', 1, 0, 4, 0, 0, 31.8),
(255, 1, 0, 1, '2019-01-23 07:58:15', 1, 1, 0, '210', 1, 210, '180150', 1, 0, 4, 0, 0, 34.53),
(256, 1, 0, 1, '2019-01-23 07:58:15', 1, 1, 0, '211', 1, 211, '180130', 1, 0, 4, 0, 0, 32.43),
(257, 1, 0, 1, '2019-01-23 07:58:15', 1, 1, 0, '212', 1, 212, '180143', 1, 0, 4, 0, 0, 32.81),
(258, 1, 0, 1, '2019-01-23 07:58:15', 1, 1, 0, '213', 1, 213, '180128', 1, 0, 4, 0, 0, 33.78),
(259, 1, 0, 1, '2019-01-23 07:58:15', 1, 1, 0, '214', 1, 214, '180146', 1, 0, 4, 0, 0, 32.4),
(260, 1, 1, 1, '2019-01-15 12:40:23', 0, 1, 0, '215', 1, 215, '', 1, 0, 4, 0, 0, 0),
(261, 1, 1, 1, '2019-01-15 12:40:23', 0, 1, 0, '216', 1, 216, '', 1, 0, 4, 0, 0, 0),
(262, 1, 0, 1, '2019-01-23 07:58:15', 1, 1, 0, '217', 1, 217, '180149', 1, 0, 4, 0, 0, 35.23),
(263, 1, 0, 1, '2019-01-22 03:13:14', 1, 1, 0, '218', 1, 218, '180139', 1, 0, 4, 0, 0, 0),
(264, 1, 0, 1, '2019-01-23 07:58:15', 1, 1, 0, '219', 1, 219, '180145', 1, 0, 4, 0, 0, 34.05),
(265, 1, 0, 1, '2019-01-23 07:58:15', 1, 1, 0, '220', 1, 220, 'N', 1, 0, 4, 0, 0, 33.71),
(266, 1, 0, 1, '2019-01-23 07:58:15', 1, 1, 0, '221', 1, 221, '180142', 1, 0, 4, 0, 0, 32.98),
(267, 1, 0, 1, '2019-01-23 07:58:15', 1, 1, 0, '222', 1, 222, '180134', 1, 0, 4, 0, 0, 32.18),
(268, 1, 0, 1, '2019-01-23 07:58:15', 1, 1, 0, '223', 1, 223, '180216', 1, 0, 4, 0, 0, 35.04),
(269, 1, 0, 1, '2019-01-23 07:58:15', 1, 1, 0, '224', 1, 224, '180217', 1, 0, 4, 0, 0, 36.67),
(270, 1, 1, 1, '2019-01-15 12:40:23', 0, 1, 0, '225', 1, 225, '', 1, 0, 4, 0, 0, 0),
(271, 1, 0, 1, '2019-01-23 07:58:15', 1, 1, 0, '226', 1, 226, '180215', 1, 0, 4, 0, 0, 35.31),
(272, 1, 1, 1, '2019-01-15 12:40:23', 0, 1, 0, '227', 1, 227, '', 1, 0, 4, 0, 0, 0),
(273, 1, 0, 1, '2019-01-23 07:58:15', 1, 1, 0, '228', 1, 228, 'N6', 1, 0, 4, 0, 0, 35.62),
(274, 1, 0, 1, '2019-01-23 07:58:15', 1, 1, 0, '229', 1, 229, 'NS', 1, 0, 4, 0, 0, 16.15),
(275, 1, 1, 1, '2019-01-15 12:40:23', 0, 1, 0, '230', 1, 230, '', 1, 0, 4, 0, 0, 0),
(276, 1, 1, 1, '2019-01-15 12:40:23', 0, 1, 0, '231', 1, 231, '', 1, 0, 4, 0, 0, 0),
(277, 1, 1, 1, '2019-01-15 12:40:23', 0, 1, 0, '232', 1, 232, '', 1, 0, 4, 0, 0, 0),
(278, 1, 1, 1, '2019-01-15 12:40:23', 0, 1, 0, '233', 1, 233, '', 1, 0, 4, 0, 0, 0),
(279, 1, 1, 1, '2019-01-15 12:40:23', 0, 1, 0, '234', 1, 234, '', 1, 0, 4, 0, 0, 0),
(280, 1, 1, 1, '2019-01-15 12:40:23', 0, 1, 0, '235', 1, 235, '', 0, 0, 0, 0, 0, 0),
(281, 1, 1, 1, '2019-01-15 12:40:23', 0, 1, 0, '236', 1, 236, '', 1, 0, 4, 0, 0, 0),
(282, 1, 1, 1, '2019-01-15 12:40:23', 0, 1, 0, '237', 1, 237, '', 1, 0, 4, 0, 0, 0),
(283, 1, 1, 1, '2019-01-15 12:40:23', 0, 1, 0, '238', 1, 238, '', 1, 0, 4, 0, 0, 0),
(284, 1, 1, 1, '2019-01-15 12:40:23', 0, 1, 0, '239', 1, 239, '', 1, 0, 4, 0, 0, 0),
(285, 1, 1, 1, '2019-01-15 12:40:23', 0, 1, 0, '240', 1, 240, '', 1, 0, 4, 0, 0, 0),
(286, 1, 1, 1, '2019-01-15 12:40:23', 0, 1, 0, '241', 1, 241, '', 1, 0, 4, 0, 0, 0),
(287, 1, 1, 1, '2019-01-15 12:40:23', 0, 1, 0, '242', 1, 242, '', 1, 0, 4, 0, 0, 0),
(288, 1, 1, 1, '2019-01-15 12:40:23', 0, 1, 0, '243', 1, 243, '', 1, 0, 4, 0, 0, 0),
(289, 1, 1, 1, '2019-01-15 12:40:23', 0, 1, 0, '244', 1, 244, '', 1, 0, 4, 0, 0, 0),
(290, 1, 1, 1, '2019-01-15 12:40:23', 0, 1, 0, '245', 1, 245, '', 1, 0, 4, 0, 0, 0),
(291, 1, 1, 1, '2019-01-15 12:40:23', 0, 1, 0, '246', 1, 246, '', 1, 0, 4, 0, 0, 0),
(292, 1, 1, 1, '2019-01-15 12:40:23', 0, 1, 0, '247', 1, 247, '', 1, 0, 4, 0, 0, 0),
(293, 1, 1, 1, '2019-01-15 12:40:23', 0, 1, 0, '248', 1, 248, '', 1, 0, 4, 0, 0, 0),
(294, 1, 1, 1, '2019-01-15 12:40:23', 0, 1, 0, '249', 1, 249, '', 1, 0, 4, 0, 0, 0),
(295, 1, 1, 1, '2019-01-15 12:40:23', 0, 1, 0, '250', 1, 250, '', 1, 0, 4, 0, 0, 0),
(296, 1, 1, 1, '2019-01-15 12:40:23', 0, 1, 0, '251', 1, 251, '', 1, 0, 4, 0, 0, 0),
(297, 1, 1, 1, '2019-01-15 12:40:23', 0, 1, 0, '252', 1, 252, '', 1, 0, 4, 0, 0, 0),
(298, 1, 1, 1, '2019-01-15 12:40:23', 0, 1, 0, '253', 1, 253, '', 1, 0, 4, 0, 0, 0),
(299, 1, 1, 1, '2019-01-15 12:40:23', 0, 1, 0, '254', 1, 254, '', 1, 0, 4, 0, 0, 0),
(300, 1, 1, 1, '2019-01-15 12:40:23', 0, 1, 0, '255', 1, 255, '', 1, 0, 4, 0, 0, 0),
(301, 1, 1, 1, '2019-01-15 12:40:23', 0, 1, 0, '256', 1, 256, '', 1, 0, 4, 0, 0, 0),
(302, 1, 1, 1, '2019-01-15 12:40:23', 0, 1, 0, '257', 1, 257, '', 1, 0, 4, 0, 0, 0),
(303, 1, 1, 1, '2019-01-15 12:40:23', 0, 1, 0, '258', 1, 258, '', 1, 0, 4, 0, 0, 0),
(304, 1, 1, 1, '2019-01-15 12:40:23', 0, 1, 0, '259', 1, 259, '', 1, 0, 4, 0, 0, 0),
(305, 1, 1, 1, '2019-01-15 12:40:23', 0, 1, 0, '260', 1, 260, '', 1, 0, 4, 0, 0, 0),
(306, 1, 1, 1, '2019-01-15 12:40:23', 0, 1, 0, '261', 1, 261, '', 1, 0, 4, 0, 0, 0),
(307, 1, 1, 1, '2019-01-15 12:40:23', 0, 1, 0, '262', 1, 262, '', 1, 0, 4, 0, 0, 0),
(308, 1, 1, 1, '2019-01-15 12:40:23', 0, 1, 0, '263', 1, 263, '', 1, 0, 4, 0, 0, 0),
(309, 1, 1, 1, '2019-01-15 12:40:23', 0, 1, 0, '264', 1, 264, '', 0, 0, 0, 0, 0, 0),
(310, 1, 1, 1, '2019-01-15 12:40:23', 0, 1, 0, '265', 1, 265, '', 1, 0, 4, 0, 0, 0),
(311, 1, 1, 1, '2019-01-15 12:40:23', 0, 1, 0, '266', 1, 266, '', 1, 0, 4, 0, 0, 0),
(312, 1, 1, 1, '2019-01-15 12:40:23', 0, 1, 0, '267', 1, 267, '', 1, 0, 4, 0, 0, 0),
(313, 1, 1, 1, '2019-01-15 12:40:23', 0, 1, 0, '268', 1, 268, '', 0, 0, 0, 0, 0, 0),
(314, 1, 1, 1, '2019-01-15 12:40:23', 0, 1, 0, '269', 1, 269, '', 1, 0, 4, 0, 0, 0),
(315, 1, 1, 1, '2019-01-15 12:40:23', 0, 1, 0, '270', 1, 270, '', 1, 0, 4, 0, 0, 0),
(316, 1, 1, 1, '2019-01-15 12:40:23', 0, 1, 0, '271', 1, 271, '', 1, 0, 4, 0, 0, 0),
(317, 1, 1, 1, '2019-01-15 12:40:23', 0, 1, 0, '272', 1, 272, '', 1, 0, 4, 0, 0, 0),
(318, 1, 1, 1, '2019-01-15 12:40:23', 0, 1, 0, '273', 1, 273, '', 1, 0, 4, 0, 0, 0),
(319, 1, 1, 1, '2019-01-15 12:40:23', 0, 1, 0, '274', 1, 274, '', 1, 0, 4, 0, 0, 0),
(320, 1, 1, 1, '2019-01-15 12:40:23', 0, 1, 0, '275', 1, 275, '', 1, 0, 4, 0, 0, 0),
(321, 1, 1, 1, '2019-01-15 12:40:23', 0, 1, 0, '276', 1, 276, '', 1, 0, 4, 0, 0, 0),
(322, 1, 1, 1, '2019-01-15 12:40:23', 0, 1, 0, '277', 1, 277, '', 1, 0, 4, 0, 0, 0),
(323, 1, 1, 1, '2019-01-15 12:40:23', 0, 1, 0, '278', 1, 278, '', 1, 0, 4, 0, 0, 0),
(324, 1, 1, 1, '2019-01-15 12:40:23', 0, 1, 0, '279', 1, 279, '', 1, 0, 4, 0, 0, 0),
(325, 1, 1, 1, '2019-01-15 12:40:23', 0, 1, 0, '280', 1, 280, '', 1, 0, 4, 0, 0, 0),
(326, 1, 1, 1, '2019-01-15 12:40:23', 0, 1, 0, '281', 1, 281, '', 1, 0, 4, 0, 0, 0),
(327, 1, 1, 1, '2019-01-15 12:40:23', 0, 1, 0, '282', 1, 282, '', 1, 0, 4, 0, 0, 0),
(328, 1, 1, 1, '2019-01-15 12:40:23', 0, 1, 0, '283', 1, 283, '', 1, 0, 4, 0, 0, 0),
(329, 1, 1, 1, '2019-01-15 12:40:23', 0, 1, 0, '284', 1, 284, '', 1, 0, 4, 0, 0, 0),
(330, 1, 1, 1, '2019-01-18 19:51:28', 0, 1, 0, '285', 1, 285, '', 1, 1, 4, 0, 0, 0),
(331, 1, 1, 1, '2019-01-15 12:40:23', 0, 1, 0, '286', 1, 286, '', 1, 0, 4, 0, 0, 0),
(332, 1, 1, 1, '2019-01-15 12:40:23', 0, 1, 0, '287', 1, 287, '', 1, 0, 4, 0, 0, 0),
(333, 1, 1, 1, '2019-01-15 12:40:23', 0, 1, 0, '288', 1, 288, '', 1, 0, 4, 0, 0, 0),
(334, 1, 1, 1, '2019-01-15 12:40:23', 0, 1, 0, '289', 1, 289, '', 1, 0, 4, 0, 0, 0),
(335, 1, 1, 1, '2019-01-15 12:40:23', 0, 1, 0, '290', 1, 290, '', 0, 0, 0, 0, 0, 0),
(336, 1, 1, 1, '2019-01-15 12:40:23', 0, 1, 0, '291', 1, 291, '', 0, 0, 0, 0, 0, 0),
(337, 1, 1, 1, '2019-01-15 12:40:23', 0, 1, 0, '292', 1, 292, '', 0, 0, 0, 0, 0, 0),
(338, 1, 1, 1, '2019-01-15 12:40:23', 0, 1, 0, '293', 1, 293, '', 0, 0, 0, 0, 0, 0),
(339, 1, 1, 1, '2019-01-15 12:40:23', 0, 1, 0, '294', 1, 294, '', 0, 0, 0, 0, 0, 0),
(340, 1, 1, 1, '2019-01-15 12:40:23', 0, 1, 0, '295', 1, 295, '', 0, 0, 0, 0, 0, 0),
(341, 1, 1, 1, '2019-01-15 12:40:23', 0, 1, 0, '296', 1, 296, '', 0, 0, 0, 0, 0, 0),
(342, 1, 1, 1, '2019-01-15 12:40:23', 0, 1, 0, '297', 1, 297, '', 0, 0, 0, 0, 0, 0),
(343, 1, 1, 1, '2019-01-15 12:40:23', 0, 1, 0, '298', 1, 298, '', 0, 0, 0, 0, 0, 0),
(344, 1, 1, 1, '2019-01-15 12:40:23', 0, 1, 0, '299', 1, 299, '', 0, 0, 0, 0, 0, 0),
(345, 1, 1, 1, '2019-01-15 12:40:23', 0, 1, 0, '300', 1, 300, '', 1, 0, 4, 0, 0, 0),
(346, 2, 1, 1, '2019-01-15 12:40:23', 0, 1, 0, '2', 1, 2, '', 10, 0, 4, 0, 0, 0),
(347, 2, 1, 1, '2019-01-15 13:05:15', 0, 1, 0, '3', 1, 3, '', 0, 0, 0, 0, 0, 0),
(348, 2, 1, 1, '2019-01-15 12:40:23', 0, 1, 0, '4', 1, 4, '', 0, 0, 0, 0, 0, 0),
(349, 2, 1, 1, '2019-01-15 12:40:23', 0, 1, 0, '5', 1, 5, '', 0, 0, 0, 0, 0, 0),
(350, 2, 1, 1, '2019-01-15 12:40:23', 0, 1, 0, '6', 1, 6, '', 0, 0, 0, 0, 0, 0),
(351, 2, 1, 1, '2019-01-15 12:40:23', 0, 1, 0, '7', 1, 7, '', 0, 0, 0, 0, 0, 0),
(352, 2, 1, 1, '2019-01-15 12:40:23', 0, 1, 0, '8', 1, 8, '', 0, 0, 0, 0, 0, 0),
(353, 2, 1, 1, '2019-01-15 12:40:23', 0, 1, 0, '9', 1, 9, '', 0, 0, 0, 0, 0, 0),
(354, 2, 14, 1, '2019-01-21 08:28:46', 1, 1, 0, '10', 1, 10, '', 1, 0, 4, 1, 0, 0),
(355, 2, 1, 1, '2019-01-15 12:40:23', 0, 1, 0, '11', 1, 11, '', 0, 0, 0, 0, 0, 0),
(356, 2, 1, 1, '2019-01-15 12:40:23', 0, 1, 0, '12', 1, 12, '', 0, 0, 0, 0, 0, 0),
(357, 2, 1, 1, '2019-01-15 12:40:23', 0, 1, 0, '13', 1, 13, '', 0, 0, 0, 0, 0, 0),
(358, 2, 1, 1, '2019-01-15 12:40:23', 0, 1, 0, '14', 1, 14, '', 0, 0, 0, 0, 0, 0),
(359, 2, 1, 1, '2019-01-15 12:40:23', 0, 1, 0, '15', 1, 15, '', 1, 0, 4, 0, 0, 0),
(360, 2, 1, 1, '2019-01-15 12:40:23', 0, 1, 0, '16', 1, 16, '', 0, 0, 0, 0, 0, 0),
(361, 2, 1, 1, '2019-01-15 12:40:23', 0, 1, 0, '17', 1, 17, '', 0, 0, 0, 0, 0, 0),
(362, 2, 1, 1, '2019-01-15 12:40:23', 0, 1, 0, '18', 1, 18, '', 0, 0, 0, 0, 0, 0),
(363, 2, 1, 1, '2019-01-15 12:40:23', 0, 1, 0, '19', 1, 19, '', 0, 0, 0, 0, 0, 0),
(364, 2, 15, 1, '2019-01-21 08:29:26', 1, 1, 0, '20', 1, 20, '', 1, 0, 4, 2, 0, 0),
(365, 2, 12, 1, '2019-01-24 18:33:54', 1, 1, 0, '21', 1, 21, '087', 1, 0, 4, 0, 0, 37.8),
(366, 2, 1, 1, '2019-01-15 12:40:23', 0, 1, 0, '22', 1, 22, '', 1, 0, 4, 0, 0, 0),
(367, 2, 15, 2, '2019-01-24 18:33:54', 1, 1, 0, '23', 1, 23, '0911', 1, 0, 4, 0, 0, 36.1),
(368, 2, 12, 1, '2019-01-24 18:33:54', 1, 1, 0, '24', 1, 24, '634', 1, 0, 4, 0, 0, 37.39),
(369, 2, 14, 1, '2019-01-24 18:33:55', 1, 1, 0, '25', 1, 25, '', 1, 0, 4, 0, 0, 37.21),
(370, 2, 15, 2, '2019-01-24 18:33:55', 1, 1, 0, '26', 1, 26, '020', 1, 0, 4, 0, 0, 37.9),
(371, 2, 15, 2, '2019-01-24 18:33:55', 1, 1, 0, '27', 1, 27, '021', 1, 0, 4, 0, 0, 37.34),
(372, 2, 15, 2, '2019-01-24 18:33:55', 1, 1, 0, '28', 1, 28, '1822', 1, 0, 4, 0, 0, 36.02),
(373, 2, 14, 1, '2019-01-24 18:33:55', 1, 1, 0, '29', 1, 29, '', 1, 0, 4, 0, 0, 37.32),
(374, 2, 14, 1, '2019-01-24 18:33:55', 1, 1, 0, '30', 1, 30, '', 1, 0, 4, 0, 0, 37.96),
(375, 2, 15, 2, '2019-01-24 18:33:55', 1, 1, 0, '31', 1, 31, '104', 1, 0, 4, 0, 0, 36.41),
(376, 2, 14, 1, '2019-01-24 18:33:55', 1, 1, 0, '32', 1, 32, '', 1, 0, 4, 0, 0, 37.18),
(377, 2, 14, 1, '2019-01-24 18:33:55', 1, 1, 0, '33', 1, 33, '', 1, 0, 4, 0, 0, 36.8),
(378, 2, 14, 1, '2019-01-24 18:33:55', 1, 1, 0, '34', 1, 34, '', 1, 0, 4, 0, 0, 38.17),
(379, 2, 1, 1, '2019-01-15 12:40:23', 0, 1, 0, '35', 1, 35, '', 0, 0, 0, 0, 0, 0),
(380, 2, 14, 1, '2019-01-24 18:33:56', 1, 1, 0, '36', 1, 36, '', 1, 0, 4, 0, 0, 37.75),
(381, 2, 14, 1, '2019-01-24 18:33:56', 1, 1, 0, '37', 1, 37, '', 1, 0, 4, 0, 0, 35.88),
(382, 2, 14, 1, '2019-01-24 18:33:56', 1, 1, 0, '38', 1, 38, '', 1, 0, 4, 0, 0, 36.93),
(383, 2, 14, 1, '2019-01-24 18:33:56', 1, 1, 0, '39', 1, 39, '', 1, 0, 4, 0, 0, 38.2),
(384, 2, 14, 1, '2019-01-24 18:33:56', 1, 1, 0, '40', 1, 40, '', 1, 0, 4, 0, 0, 38.07),
(385, 2, 12, 1, '2019-01-24 18:33:56', 1, 1, 0, '41', 1, 41, '84', 1, 0, 4, 0, 0, 37.09),
(386, 2, 14, 1, '2019-01-24 18:33:56', 1, 1, 0, '42', 1, 42, '', 1, 0, 4, 0, 0, 36.33),
(387, 2, 14, 1, '2019-01-24 18:33:56', 1, 1, 0, '43', 1, 43, '', 1, 0, 4, 0, 0, 36.48),
(388, 2, 14, 1, '2019-01-24 18:33:57', 1, 1, 0, '44', 1, 44, '', 1, 0, 4, 0, 0, 37.48),
(389, 2, 14, 1, '2019-01-24 18:33:57', 1, 1, 0, '45', 1, 45, '', 1, 0, 4, 0, 0, 38.2),
(390, 2, 14, 1, '2019-01-24 18:33:57', 1, 1, 0, '46', 1, 46, '', 1, 0, 4, 0, 0, 37.29),
(391, 2, 14, 1, '2019-01-24 18:33:57', 1, 1, 0, '47', 1, 47, '', 1, 0, 4, 0, 0, 38.07),
(392, 2, 14, 1, '2019-01-24 18:33:57', 1, 1, 0, '48', 1, 48, '', 1, 0, 4, 0, 0, 35.52),
(393, 2, 14, 1, '2019-01-24 18:33:57', 1, 1, 0, '49', 1, 49, '', 1, 0, 4, 0, 0, 38.24),
(394, 2, 14, 1, '2019-01-24 18:33:57', 1, 1, 0, '50', 1, 50, '', 1, 0, 4, 0, 0, 36.53),
(395, 2, 14, 1, '2019-01-24 18:33:57', 1, 1, 0, '51', 1, 51, '', 1, 0, 4, 0, 0, 37.35),
(396, 2, 14, 1, '2019-01-24 18:33:57', 1, 1, 0, '52', 1, 52, '', 1, 0, 4, 0, 0, 36.84),
(397, 2, 14, 1, '2019-01-24 18:33:57', 1, 1, 0, '53', 1, 53, '', 1, 0, 4, 0, 0, 37),
(398, 2, 14, 1, '2019-01-24 18:33:58', 1, 1, 0, '54', 1, 54, '', 1, 0, 4, 0, 0, 36.97),
(399, 2, 14, 1, '2019-01-24 18:33:58', 1, 1, 0, '55', 1, 55, '', 1, 0, 4, 0, 0, 36.92),
(400, 2, 14, 1, '2019-01-24 18:33:58', 1, 1, 0, '56', 1, 56, '', 1, 0, 4, 0, 0, 35.47),
(401, 2, 14, 1, '2019-01-24 18:33:58', 1, 1, 0, '57', 1, 57, '', 1, 0, 4, 0, 0, 36.63),
(402, 2, 14, 1, '2019-01-24 18:33:58', 1, 1, 0, '58', 1, 58, '', 1, 0, 4, 0, 0, 37.12),
(403, 2, 14, 1, '2019-01-21 09:50:27', 1, 1, 0, '59', 1, 59, '', 1, 0, 4, 0, 0, 0),
(404, 2, 14, 1, '2019-01-21 09:50:27', 1, 1, 0, '60', 1, 60, '', 1, 0, 4, 0, 0, 0),
(405, 2, 15, 1, '2019-01-21 08:13:50', 1, 1, 0, '61', 1, 61, '568', 1, 0, 4, 0, 0, 0),
(406, 2, 14, 1, '2019-01-21 09:50:27', 1, 1, 0, '62', 1, 62, '', 1, 0, 4, 0, 0, 0),
(407, 2, 14, 1, '2019-01-21 09:50:27', 1, 1, 0, '63', 1, 63, '', 1, 0, 4, 0, 0, 0),
(408, 2, 14, 1, '2019-01-24 18:33:58', 1, 1, 0, '64', 1, 64, '', 1, 0, 4, 0, 0, 37.21),
(409, 2, 14, 1, '2019-01-24 18:33:59', 1, 1, 0, '65', 1, 65, '', 1, 0, 4, 0, 0, 37.18),
(410, 2, 14, 1, '2019-01-24 18:33:59', 1, 1, 0, '66', 1, 66, '', 1, 0, 4, 0, 0, 38.39),
(411, 2, 14, 1, '2019-01-24 18:33:59', 1, 1, 0, '67', 1, 67, '', 1, 0, 4, 0, 0, 37.42),
(412, 2, 14, 1, '2019-01-24 18:33:59', 1, 1, 0, '68', 1, 68, '', 1, 0, 4, 0, 0, 36.35),
(413, 2, 15, 2, '2019-01-24 18:33:59', 1, 1, 0, '69', 1, 69, '134', 1, 0, 4, 0, 0, 36.12),
(414, 2, 14, 1, '2019-01-24 18:33:59', 1, 1, 0, '70', 1, 70, '', 1, 0, 4, 0, 0, 37.64),
(415, 2, 14, 1, '2019-01-24 18:33:59', 1, 1, 0, '71', 1, 71, '', 1, 0, 4, 0, 0, 37.75),
(416, 2, 1, 1, '2019-01-15 12:40:23', 0, 1, 0, '72', 1, 72, '', 1, 0, 4, 0, 0, 0),
(417, 2, 14, 1, '2019-01-24 18:33:59', 1, 1, 0, '73', 1, 73, '', 1, 0, 4, 0, 0, 36.84),
(418, 2, 14, 1, '2019-01-24 18:33:59', 1, 1, 0, '74', 1, 74, '', 1, 0, 4, 0, 0, 36.79),
(419, 2, 14, 1, '2019-01-24 18:34:00', 1, 1, 0, '75', 1, 75, '', 1, 0, 4, 0, 0, 36.72),
(420, 2, 14, 1, '2019-01-24 18:34:00', 1, 1, 0, '76', 1, 76, '', 1, 0, 4, 0, 0, 37.75),
(421, 2, 14, 1, '2019-01-24 18:34:00', 1, 1, 0, '77', 1, 77, '', 1, 0, 4, 0, 0, 37.04),
(422, 2, 14, 1, '2019-01-24 18:34:00', 1, 1, 0, '78', 1, 78, '', 1, 0, 4, 0, 0, 36.29),
(423, 2, 14, 1, '2019-01-24 18:34:00', 1, 1, 0, '79', 1, 79, '', 1, 0, 4, 0, 0, 37.34),
(424, 2, 14, 1, '2019-01-24 18:34:00', 1, 1, 0, '80', 1, 80, '', 1, 0, 4, 0, 0, 36.49),
(425, 2, 14, 1, '2019-01-24 18:34:00', 1, 1, 0, '81', 1, 81, '', 1, 0, 4, 0, 0, 37.28),
(426, 2, 14, 1, '2019-01-24 18:34:00', 1, 1, 0, '82', 1, 82, '', 1, 0, 4, 0, 0, 36.29),
(427, 2, 14, 1, '2019-01-24 18:34:00', 1, 1, 0, '83', 1, 83, '', 1, 0, 4, 0, 0, 38.36),
(428, 2, 15, 1, '2019-01-24 18:34:01', 1, 1, 0, '84', 1, 84, '524', 1, 0, 4, 0, 0, 35.89),
(429, 2, 14, 1, '2019-01-24 18:34:01', 1, 1, 0, '85', 1, 85, '', 1, 0, 4, 0, 0, 36.47),
(430, 2, 14, 1, '2019-01-24 18:34:01', 1, 1, 0, '86', 1, 86, '', 1, 0, 4, 0, 0, 36.87),
(431, 2, 14, 1, '2019-01-24 18:34:01', 1, 1, 0, '87', 1, 87, '', 1, 0, 4, 0, 0, 36.95),
(432, 2, 14, 1, '2019-01-24 18:34:01', 1, 1, 0, '88', 1, 88, '', 1, 0, 4, 0, 0, 36.99),
(433, 2, 14, 1, '2019-01-24 18:34:01', 1, 1, 0, '89', 1, 89, '', 1, 0, 4, 0, 0, 37.71),
(434, 2, 1, 1, '2019-01-15 12:40:23', 0, 1, 0, '90', 1, 90, '', 1, 0, 4, 0, 0, 0),
(435, 2, 14, 1, '2019-01-24 18:34:01', 1, 1, 0, '91', 1, 91, '', 1, 0, 4, 0, 0, 36.74),
(436, 2, 14, 1, '2019-01-24 18:34:01', 1, 1, 0, '92', 1, 92, '', 1, 0, 4, 0, 0, 36.53),
(437, 2, 1, 1, '2019-01-15 12:40:23', 0, 1, 0, '93', 1, 93, '', 1, 0, 4, 0, 0, 0),
(438, 2, 14, 1, '2019-01-24 18:34:01', 1, 1, 0, '94', 1, 94, '', 1, 0, 4, 0, 0, 37.81),
(439, 2, 1, 1, '2019-01-15 12:40:23', 0, 1, 0, '95', 1, 95, '', 0, 0, 0, 0, 0, 0),
(440, 2, 14, 1, '2019-01-24 18:34:02', 1, 1, 0, '96', 1, 96, '', 1, 0, 4, 0, 0, 36.53),
(441, 2, 14, 1, '2019-01-24 18:34:02', 1, 1, 0, '97', 1, 97, '', 1, 0, 4, 0, 0, 35.29),
(442, 2, 14, 1, '2019-01-24 18:34:02', 1, 1, 0, '98', 1, 98, '', 1, 0, 4, 0, 0, 36.24),
(443, 2, 14, 1, '2019-01-24 18:34:02', 1, 1, 0, '99', 1, 99, '', 1, 0, 4, 0, 0, 36.57),
(444, 2, 15, 1, '2019-01-24 18:34:02', 1, 1, 0, '100', 1, 100, '365', 1, 0, 4, 0, 0, 36.81),
(445, 2, 14, 1, '2019-01-24 18:34:02', 1, 1, 0, '101', 1, 101, '', 1, 0, 4, 0, 0, 38.16),
(446, 2, 1, 1, '2019-01-15 12:40:23', 0, 1, 0, '102', 1, 102, '', 1, 0, 4, 0, 0, 0),
(447, 2, 14, 1, '2019-01-24 18:34:02', 1, 1, 0, '103', 1, 103, '', 1, 0, 4, 0, 0, 36.54),
(448, 2, 14, 1, '2019-01-24 18:34:02', 1, 1, 0, '104', 1, 104, '', 1, 0, 4, 0, 0, 36.81),
(449, 2, 11, 1, '2019-01-24 18:34:02', 1, 1, 0, '105', 1, 105, '553', 1, 0, 4, 0, 0, 34.85),
(450, 2, 11, 1, '2019-01-24 18:34:03', 1, 1, 0, '106', 1, 106, '551', 1, 0, 4, 0, 0, 30.42),
(451, 2, 11, 1, '2019-01-24 18:34:03', 1, 1, 0, '107', 1, 107, '1700', 1, 0, 4, 0, 0, 35.7),
(452, 2, 11, 1, '2019-01-24 18:34:03', 1, 1, 0, '108', 1, 108, '550', 1, 0, 4, 0, 0, 36.68),
(453, 2, 11, 1, '2019-01-24 18:34:03', 1, 1, 0, '109', 1, 109, '527', 1, 0, 4, 0, 0, 30.09),
(454, 2, 11, 1, '2019-01-24 18:34:03', 1, 1, 0, '110', 1, 110, '544', 1, 0, 4, 0, 0, 36.1),
(455, 2, 11, 1, '2019-01-24 18:34:03', 1, 1, 0, '111', 1, 111, '321', 1, 0, 4, 0, 0, 36.81),
(456, 2, 1, 1, '2019-01-15 12:40:23', 0, 1, 0, '112', 1, 112, '', 0, 0, 0, 0, 0, 0),
(457, 2, 11, 1, '2019-01-24 18:34:03', 1, 1, 0, '113', 1, 113, '284', 1, 0, 4, 0, 0, 34.4),
(458, 2, 14, 1, '2019-01-24 18:34:03', 1, 1, 0, '114', 1, 114, '', 1, 0, 4, 0, 0, 34.8),
(459, 2, 15, 1, '2019-01-24 18:34:03', 1, 1, 0, '115', 1, 115, '186', 1, 0, 4, 0, 0, 37.27),
(460, 2, 11, 1, '2019-01-24 18:34:04', 1, 1, 0, '116', 1, 116, 'N', 1, 0, 4, 0, 0, 36.42),
(461, 2, 11, 1, '2019-01-24 18:34:04', 1, 1, 0, '117', 1, 117, '545', 1, 0, 4, 0, 0, 36.78),
(462, 2, 11, 1, '2019-01-24 18:34:04', 1, 1, 0, '118', 1, 118, '539', 1, 0, 4, 0, 0, 34.44),
(463, 2, 11, 1, '2019-01-19 07:59:59', 1, 1, 0, '119', 1, 119, '246', 1, 0, 4, 0, 0, 0),
(464, 2, 11, 1, '2019-01-24 18:34:04', 1, 1, 0, '120', 1, 120, '327', 1, 0, 4, 0, 0, 35.9),
(465, 2, 11, 1, '2019-01-24 18:34:04', 1, 1, 0, '121', 1, 121, '1418', 1, 0, 4, 0, 0, 36.69),
(466, 2, 11, 1, '2019-01-24 18:34:04', 1, 1, 0, '122', 1, 122, '319', 1, 0, 4, 0, 0, 35.22),
(467, 2, 11, 1, '2019-01-24 18:34:04', 1, 1, 0, '123', 1, 123, '523', 1, 0, 4, 0, 0, 36.11),
(468, 2, 11, 1, '2019-01-24 18:34:05', 1, 1, 0, '124', 1, 124, '308', 1, 0, 4, 0, 0, 37.25),
(469, 2, 11, 1, '2019-01-24 18:34:05', 1, 1, 0, '125', 1, 125, '538', 1, 0, 4, 0, 0, 35.64),
(470, 2, 11, 1, '2019-01-21 08:19:59', 1, 1, 0, '126', 1, 126, 'N', 1, 0, 4, 0, 0, 0),
(471, 2, 11, 1, '2019-01-24 18:34:05', 1, 1, 0, '127', 1, 127, '533', 1, 0, 4, 0, 0, 36.91),
(472, 2, 11, 1, '2019-01-24 18:34:05', 1, 1, 0, '128', 1, 128, '518', 1, 0, 4, 0, 0, 37.16),
(473, 2, 11, 1, '2019-01-24 18:34:05', 1, 1, 0, '129', 1, 129, '534', 1, 0, 4, 0, 0, 35.36),
(474, 2, 1, 1, '2019-01-15 12:40:23', 0, 1, 0, '130', 1, 130, '', 0, 0, 0, 0, 0, 0),
(475, 2, 11, 1, '2019-01-24 18:34:05', 1, 1, 0, '131', 1, 131, '531', 1, 0, 4, 0, 0, 37.69),
(476, 2, 12, 1, '2019-01-24 18:34:05', 1, 1, 0, '132', 1, 132, '438', 1, 0, 4, 0, 0, 36.54),
(477, 2, 11, 1, '2019-01-24 18:34:05', 1, 1, 0, '133', 1, 133, '323', 1, 0, 4, 0, 0, 35.45),
(478, 2, 1, 1, '2019-01-15 12:40:23', 0, 1, 0, '134', 1, 134, '', 1, 0, 4, 0, 0, 0),
(479, 2, 11, 1, '2019-01-24 18:34:06', 1, 1, 0, '135', 1, 135, '529', 1, 0, 4, 0, 0, 37.03),
(480, 2, 12, 1, '2019-01-24 18:34:06', 1, 1, 0, '136', 1, 136, '427', 1, 0, 4, 0, 0, 37.43),
(481, 2, 15, 1, '2019-01-24 18:34:06', 1, 1, 0, '137', 1, 137, '601', 1, 0, 4, 0, 0, 36.97),
(482, 2, 11, 1, '2019-01-24 18:34:06', 1, 1, 0, '138', 1, 138, '175', 1, 0, 4, 0, 0, 35.6),
(483, 2, 11, 1, '2019-01-24 18:34:06', 1, 1, 0, '139', 1, 139, '532', 1, 0, 4, 0, 0, 36.51),
(484, 2, 11, 1, '2019-01-24 18:34:06', 1, 1, 0, '140', 1, 140, '614', 1, 0, 4, 0, 0, 36.97),
(485, 2, 11, 1, '2019-01-24 18:34:06', 1, 1, 0, '141', 1, 141, '423', 1, 0, 4, 0, 0, 36.52),
(486, 2, 11, 1, '2019-01-24 18:34:06', 1, 1, 0, '142', 1, 142, '526', 1, 0, 4, 0, 0, 36.06),
(487, 2, 12, 1, '2019-01-24 18:34:06', 1, 1, 0, '143', 1, 143, '169', 1, 0, 4, 0, 0, 36.32),
(488, 2, 12, 1, '2019-01-24 18:34:06', 1, 1, 0, '144', 1, 144, '147', 1, 0, 4, 0, 0, 36.99),
(489, 2, 11, 1, '2019-01-24 18:34:07', 1, 1, 0, '145', 1, 145, '429', 1, 0, 4, 0, 0, 35.97),
(490, 2, 11, 1, '2019-01-24 18:34:07', 1, 1, 0, '146', 1, 146, '525', 1, 0, 4, 0, 0, 36.99),
(491, 2, 12, 1, '2019-01-24 18:34:07', 1, 1, 0, '147', 1, 147, '413', 1, 0, 4, 0, 0, 37.08),
(492, 2, 11, 1, '2019-01-24 18:34:07', 1, 1, 0, '148', 1, 148, '522', 1, 0, 4, 0, 0, 33.68),
(493, 2, 12, 1, '2019-01-24 18:34:07', 1, 1, 0, '149', 1, 149, '150', 1, 0, 4, 0, 0, 36.88),
(494, 2, 11, 1, '2019-01-24 18:34:07', 1, 1, 0, '150', 1, 150, '511', 1, 0, 4, 0, 0, 34.84),
(495, 2, 12, 1, '2019-01-24 18:34:07', 1, 1, 0, '151', 1, 151, '223', 1, 0, 4, 0, 0, 37.67),
(496, 2, 12, 1, '2019-01-24 18:34:07', 1, 1, 0, '152', 1, 152, '191', 1, 0, 4, 0, 0, 37.35),
(497, 2, 11, 1, '2019-01-19 08:02:07', 1, 1, 0, '153', 1, 153, '286', 1, 0, 4, 0, 0, 0),
(498, 2, 1, 1, '2019-01-15 12:40:23', 0, 1, 0, '154', 1, 154, '', 0, 0, 0, 0, 0, 0),
(499, 2, 11, 1, '2019-01-24 18:34:08', 1, 1, 0, '155', 1, 155, '527', 1, 0, 4, 0, 0, 35.26),
(500, 2, 11, 1, '2019-01-24 18:34:08', 1, 1, 0, '156', 1, 156, '509', 1, 0, 4, 0, 0, 37.59),
(501, 2, 1, 1, '2019-01-15 12:40:23', 0, 1, 0, '157', 1, 157, '', 1, 0, 4, 0, 0, 0),
(502, 2, 11, 1, '2019-01-19 08:02:22', 1, 1, 0, '158', 1, 158, '510', 1, 0, 4, 0, 0, 0),
(503, 2, 11, 1, '2019-01-24 18:34:08', 1, 1, 0, '159', 1, 159, '503', 1, 0, 4, 0, 0, 37.77),
(504, 2, 11, 1, '2019-01-19 08:02:35', 1, 1, 0, '160', 1, 160, '520', 1, 0, 4, 0, 0, 0),
(505, 2, 11, 1, '2019-01-24 18:34:08', 1, 1, 0, '161', 1, 161, '361', 1, 0, 4, 0, 0, 34.85),
(506, 2, 1, 1, '2019-01-15 12:40:23', 0, 1, 0, '162', 1, 162, '', 1, 0, 4, 0, 0, 0),
(507, 2, 11, 1, '2019-01-24 18:34:08', 1, 1, 0, '163', 1, 163, '517', 1, 0, 4, 0, 0, 32.13),
(508, 2, 11, 1, '2019-01-24 18:34:08', 1, 1, 0, '164', 1, 164, '512', 1, 0, 4, 0, 0, 35.93),
(509, 2, 11, 1, '2019-01-24 18:34:08', 1, 1, 0, '165', 1, 165, '515', 1, 0, 4, 0, 0, 35.26),
(510, 2, 12, 1, '2019-01-24 18:34:08', 1, 1, 0, '166', 1, 166, '154', 1, 0, 4, 0, 0, 35.76),
(511, 2, 11, 1, '2019-01-24 18:34:09', 1, 1, 0, '167', 1, 167, '705', 1, 0, 4, 0, 0, 37.56),
(512, 2, 11, 1, '2019-01-24 18:34:09', 1, 1, 0, '168', 1, 168, '040', 1, 0, 4, 0, 0, 37.31),
(513, 2, 11, 1, '2019-01-24 18:34:09', 1, 1, 0, '169', 1, 169, '502', 1, 0, 4, 0, 0, 36.4),
(514, 2, 12, 1, '2019-01-24 18:34:09', 1, 1, 0, '170', 1, 170, '006', 1, 0, 4, 0, 0, 37.12),
(515, 2, 1, 1, '2019-01-15 12:40:23', 0, 1, 0, '171', 1, 171, '', 0, 0, 0, 0, 0, 0),
(516, 2, 11, 1, '2019-01-24 18:34:09', 1, 1, 0, '172', 1, 172, '504', 1, 0, 4, 0, 0, 36.74),
(517, 2, 1, 1, '2019-01-15 12:40:23', 0, 1, 0, '173', 1, 173, '', 0, 0, 0, 0, 0, 0),
(518, 2, 12, 1, '2019-01-24 18:34:09', 1, 1, 0, '174', 1, 174, '213', 1, 0, 4, 0, 0, 36.56),
(519, 2, 11, 1, '2019-01-24 18:34:09', 1, 1, 0, '175', 1, 175, '508', 1, 0, 4, 0, 0, 35.97),
(520, 2, 12, 1, '2019-01-24 18:34:09', 1, 1, 0, '176', 1, 176, '024', 1, 0, 4, 0, 0, 36.3),
(521, 2, 11, 1, '2019-01-24 18:34:09', 1, 1, 0, '177', 1, 177, '507', 1, 0, 4, 0, 0, 36.1),
(522, 2, 15, 1, '2019-01-24 18:34:09', 1, 1, 0, '178', 1, 178, '569', 1, 0, 4, 0, 0, 35.96),
(523, 2, 11, 1, '2019-01-24 18:34:10', 1, 1, 0, '179', 1, 179, '501', 1, 0, 4, 0, 0, 37.45),
(524, 2, 12, 1, '2019-01-24 18:34:10', 1, 1, 0, '180', 1, 180, '520', 1, 0, 4, 0, 0, 37.62),
(525, 2, 11, 1, '2019-01-24 18:34:10', 1, 1, 0, '181', 1, 181, '500', 1, 0, 4, 0, 0, 37.03),
(526, 2, 12, 1, '2019-01-24 18:34:10', 1, 1, 0, '182', 1, 182, '174', 1, 0, 4, 0, 0, 36.64),
(527, 2, 12, 1, '2019-01-24 18:34:10', 1, 1, 0, '183', 1, 183, '310', 1, 0, 4, 0, 0, 37.13),
(528, 2, 12, 1, '2019-01-24 18:34:10', 1, 1, 0, '184', 1, 184, '115', 1, 0, 4, 0, 0, 37),
(529, 2, 12, 1, '2019-01-24 18:34:10', 1, 1, 0, '185', 1, 185, '207', 1, 0, 4, 0, 0, 36.35),
(530, 2, 12, 1, '2019-01-24 18:34:10', 1, 1, 0, '186', 1, 186, '418', 1, 0, 4, 0, 0, 36.42),
(531, 2, 12, 1, '2019-01-24 18:34:10', 1, 1, 0, '187', 1, 187, '307', 1, 0, 4, 0, 0, 36.11),
(532, 2, 12, 1, '2019-01-24 18:34:10', 1, 1, 0, '188', 1, 188, '322', 1, 0, 4, 0, 0, 36.66),
(533, 2, 15, 1, '2019-01-24 18:34:11', 1, 1, 0, '189', 1, 189, '536', 1, 0, 4, 0, 0, 37.1),
(534, 2, 12, 1, '2019-01-24 18:34:11', 1, 1, 0, '190', 1, 190, '179', 1, 0, 4, 0, 0, 37.64),
(535, 2, 12, 1, '2019-01-24 18:34:11', 1, 1, 0, '191', 1, 191, '324', 1, 0, 4, 0, 0, 36.77),
(536, 2, 12, 1, '2019-01-24 18:34:11', 1, 1, 0, '192', 1, 192, '356', 1, 0, 4, 0, 0, 36.01),
(537, 2, 12, 1, '2019-01-24 18:34:11', 1, 1, 0, '193', 1, 193, '611', 1, 0, 4, 0, 0, 36.6),
(538, 2, 12, 1, '2019-01-24 18:34:11', 1, 1, 0, '194', 1, 194, '153', 1, 0, 4, 0, 0, 36.94),
(539, 2, 15, 1, '2019-01-24 18:34:11', 1, 1, 0, '195', 1, 195, '435', 1, 0, 4, 0, 0, 31.47),
(540, 2, 12, 1, '2019-01-24 18:34:11', 1, 1, 0, '196', 1, 196, '333', 1, 0, 4, 0, 0, 37.52),
(541, 2, 12, 1, '2019-01-19 08:33:04', 1, 1, 0, '197', 1, 197, '514', 1, 0, 4, 0, 0, 0),
(542, 2, 12, 1, '2019-01-24 18:34:12', 1, 1, 0, '198', 1, 198, '283', 1, 0, 4, 0, 0, 36.61),
(543, 2, 12, 1, '2019-01-24 18:34:12', 1, 1, 0, '199', 1, 199, '519', 1, 0, 4, 0, 0, 37.59),
(544, 2, 12, 1, '2019-01-24 18:34:12', 1, 1, 0, '200', 1, 200, '143', 1, 0, 4, 0, 0, 35.68),
(545, 2, 12, 1, '2019-01-19 08:33:27', 1, 1, 0, '201', 1, 201, '398', 1, 0, 4, 0, 0, 0),
(546, 2, 12, 1, '2019-01-24 18:34:12', 1, 1, 0, '202', 1, 202, '328', 1, 0, 4, 0, 0, 35.2),
(547, 2, 15, 1, '2019-01-24 18:34:12', 1, 1, 0, '203', 1, 203, '236', 1, 0, 4, 0, 0, 37.13),
(548, 2, 12, 1, '2019-01-24 18:34:12', 1, 1, 0, '204', 1, 204, '076', 1, 0, 4, 0, 0, 36.74),
(549, 2, 1, 1, '2019-01-15 12:40:23', 0, 1, 0, '205', 1, 205, '', 1, 0, 4, 0, 0, 0),
(550, 2, 15, 1, '2019-01-24 18:34:12', 1, 1, 0, '206', 1, 206, '643', 1, 0, 4, 0, 0, 37.32),
(551, 2, 12, 1, '2019-01-24 18:34:12', 1, 1, 0, '207', 1, 207, '303', 1, 0, 4, 0, 0, 37.19),
(552, 2, 12, 1, '2019-01-24 18:34:12', 1, 1, 0, '208', 1, 208, '372', 1, 0, 4, 0, 0, 37.77),
(553, 2, 15, 1, '2019-01-24 18:34:13', 1, 1, 0, '209', 1, 209, '563', 1, 0, 4, 0, 0, 37.03),
(554, 2, 12, 1, '2019-01-24 18:34:13', 1, 1, 0, '210', 1, 210, '181', 1, 0, 4, 0, 0, 37.42),
(555, 2, 15, 1, '2019-01-24 18:34:13', 1, 1, 0, '211', 1, 211, '557', 1, 0, 4, 0, 0, 35.55),
(556, 2, 15, 1, '2019-01-24 18:34:13', 1, 1, 0, '212', 1, 212, '561', 1, 0, 4, 0, 0, 37.46),
(557, 2, 15, 1, '2019-01-24 18:34:13', 1, 1, 0, '213', 1, 213, '554', 1, 0, 4, 0, 0, 35.87),
(558, 2, 15, 1, '2019-01-24 18:34:13', 1, 1, 0, '214', 1, 214, '562', 1, 0, 4, 0, 0, 36.23),
(559, 2, 12, 1, '2019-01-24 18:34:13', 1, 1, 0, '215', 1, 215, '196', 1, 0, 4, 0, 0, 37.65),
(560, 2, 12, 1, '2019-01-24 18:34:13', 1, 1, 0, '216', 1, 216, '542', 1, 0, 4, 0, 0, 36.15),
(561, 2, 1, 1, '2019-01-15 12:40:23', 0, 1, 0, '217', 1, 217, '', 0, 0, 0, 0, 0, 0),
(562, 2, 1, 1, '2019-01-15 12:40:23', 0, 1, 0, '218', 1, 218, '', 0, 0, 0, 0, 0, 0),
(563, 2, 15, 1, '2019-01-24 18:34:13', 1, 1, 0, '219', 1, 219, '559', 1, 0, 4, 0, 0, 36.76),
(564, 2, 1, 1, '2019-01-15 12:40:23', 0, 1, 0, '220', 1, 220, '', 0, 0, 0, 0, 0, 0),
(565, 2, 12, 1, '2019-01-24 18:34:14', 1, 1, 0, '221', 1, 221, '620', 1, 0, 4, 0, 0, 36.67),
(566, 2, 12, 1, '2019-01-24 18:34:14', 1, 1, 0, '222', 1, 222, '184', 1, 0, 4, 0, 0, 36.71),
(567, 2, 1, 1, '2019-01-15 12:40:23', 0, 1, 0, '223', 1, 223, '', 1, 0, 4, 0, 0, 0),
(568, 2, 1, 1, '2019-01-15 12:40:23', 0, 1, 0, '224', 1, 224, '', 1, 0, 4, 0, 0, 0),
(569, 2, 1, 1, '2019-01-15 12:40:23', 0, 1, 0, '225', 1, 225, '', 1, 0, 4, 0, 0, 0),
(570, 2, 1, 1, '2019-01-15 12:40:23', 0, 1, 0, '226', 1, 226, '', 1, 0, 4, 0, 0, 0),
(571, 2, 1, 1, '2019-01-15 12:40:23', 0, 1, 0, '227', 1, 227, '', 1, 0, 4, 0, 0, 0),
(572, 2, 1, 1, '2019-01-15 12:40:23', 0, 1, 0, '228', 1, 228, '', 0, 0, 0, 0, 0, 0),
(573, 2, 1, 1, '2019-01-15 12:40:23', 0, 1, 0, '229', 1, 229, '', 1, 0, 4, 0, 0, 0),
(574, 2, 1, 1, '2019-01-15 12:40:23', 0, 1, 0, '230', 1, 230, '', 1, 0, 4, 0, 0, 0),
(575, 2, 1, 1, '2019-01-15 12:40:23', 0, 1, 0, '231', 1, 231, '', 1, 0, 4, 0, 0, 0),
(576, 2, 1, 1, '2019-01-15 12:40:23', 0, 1, 0, '232', 1, 232, '', 1, 0, 4, 0, 0, 0),
(577, 2, 1, 1, '2019-01-15 12:40:23', 0, 1, 0, '233', 1, 233, '', 1, 0, 4, 0, 0, 0),
(578, 2, 1, 1, '2019-01-15 12:40:23', 0, 1, 0, '234', 1, 234, '', 0, 0, 0, 0, 0, 0),
(579, 2, 1, 1, '2019-01-15 12:40:23', 0, 1, 0, '235', 1, 235, '', 1, 0, 4, 0, 0, 0),
(580, 2, 1, 1, '2019-01-15 12:40:23', 0, 1, 0, '236', 1, 236, '', 1, 0, 4, 0, 0, 0),
(581, 2, 1, 1, '2019-01-15 12:40:23', 0, 1, 0, '237', 1, 237, '', 1, 0, 4, 0, 0, 0),
(582, 2, 1, 1, '2019-01-15 12:40:23', 0, 1, 0, '238', 1, 238, '', 1, 0, 4, 0, 0, 0),
(583, 2, 1, 1, '2019-01-15 12:40:23', 0, 1, 0, '239', 1, 239, '', 1, 0, 4, 0, 0, 0),
(584, 2, 1, 1, '2019-01-15 12:40:23', 0, 1, 0, '240', 1, 240, '', 1, 0, 4, 0, 0, 0),
(585, 2, 1, 1, '2019-01-15 12:40:23', 0, 1, 0, '241', 1, 241, '', 1, 0, 4, 0, 0, 0),
(586, 2, 1, 1, '2019-01-15 12:40:23', 0, 1, 0, '242', 1, 242, '', 1, 0, 4, 0, 0, 0),
(587, 2, 1, 1, '2019-01-15 12:40:23', 0, 1, 0, '243', 1, 243, '', 1, 0, 4, 0, 0, 0),
(588, 2, 1, 1, '2019-01-15 12:40:23', 0, 1, 0, '244', 1, 244, '', 1, 0, 4, 0, 0, 0),
(589, 2, 1, 1, '2019-01-15 12:40:23', 0, 1, 0, '245', 1, 245, '', 1, 0, 4, 0, 0, 0),
(590, 2, 1, 1, '2019-01-15 12:40:23', 0, 1, 0, '246', 1, 246, '', 1, 0, 4, 0, 0, 0),
(591, 2, 1, 1, '2019-01-15 12:40:23', 0, 1, 0, '247', 1, 247, '', 1, 0, 4, 0, 0, 0),
(592, 2, 1, 1, '2019-01-15 12:40:23', 0, 1, 0, '248', 1, 248, '', 1, 0, 4, 0, 0, 0),
(593, 2, 1, 1, '2019-01-15 12:40:23', 0, 1, 0, '249', 1, 249, '', 1, 0, 4, 0, 0, 0),
(594, 2, 1, 1, '2019-01-15 12:40:23', 0, 1, 0, '250', 1, 250, '', 1, 0, 4, 0, 0, 0),
(595, 2, 1, 1, '2019-01-15 12:40:23', 0, 1, 0, '251', 1, 251, '', 1, 0, 4, 0, 0, 0),
(596, 2, 1, 1, '2019-01-15 12:40:23', 0, 1, 0, '252', 1, 252, '', 1, 0, 4, 0, 0, 0),
(597, 2, 1, 1, '2019-01-15 12:40:23', 0, 1, 0, '253', 1, 253, '', 1, 0, 4, 0, 0, 0),
(598, 2, 1, 1, '2019-01-15 12:40:23', 0, 1, 0, '254', 1, 254, '', 1, 0, 4, 0, 0, 0),
(599, 2, 1, 1, '2019-01-15 12:40:23', 0, 1, 0, '255', 1, 255, '', 1, 0, 4, 0, 0, 0),
(600, 2, 1, 1, '2019-01-15 12:40:23', 0, 1, 0, '256', 1, 256, '', 1, 0, 4, 0, 0, 0),
(601, 2, 1, 1, '2019-01-15 12:40:23', 0, 1, 0, '257', 1, 257, '', 1, 0, 4, 0, 0, 0),
(602, 2, 1, 1, '2019-01-15 12:40:23', 0, 1, 0, '258', 1, 258, '', 1, 0, 4, 0, 0, 0),
(603, 2, 1, 1, '2019-01-15 12:40:23', 0, 1, 0, '259', 1, 259, '', 1, 0, 4, 0, 0, 0),
(604, 2, 1, 1, '2019-01-15 12:40:23', 0, 1, 0, '260', 1, 260, '', 0, 0, 0, 0, 0, 0),
(605, 2, 1, 1, '2019-01-15 12:40:23', 0, 1, 0, '261', 1, 261, '', 1, 0, 4, 0, 0, 0),
(606, 2, 1, 1, '2019-01-15 12:40:23', 0, 1, 0, '262', 1, 262, '', 1, 0, 4, 0, 0, 0),
(607, 2, 1, 1, '2019-01-15 12:40:23', 0, 1, 0, '263', 1, 263, '', 1, 0, 4, 0, 0, 0),
(608, 2, 1, 1, '2019-01-15 12:40:23', 0, 1, 0, '264', 1, 264, '', 1, 0, 4, 0, 0, 0),
(609, 2, 1, 1, '2019-01-15 12:40:23', 0, 1, 0, '265', 1, 265, '', 1, 0, 4, 0, 0, 0),
(610, 2, 1, 1, '2019-01-15 12:40:23', 0, 1, 0, '266', 1, 266, '', 1, 0, 4, 0, 0, 0),
(611, 2, 1, 1, '2019-01-15 12:40:23', 0, 1, 0, '267', 1, 267, '', 1, 0, 4, 0, 0, 0),
(612, 2, 1, 1, '2019-01-15 12:40:23', 0, 1, 0, '268', 1, 268, '', 1, 0, 4, 0, 0, 0),
(613, 2, 1, 1, '2019-01-15 12:40:23', 0, 1, 0, '269', 1, 269, '', 0, 0, 0, 0, 0, 0),
(614, 2, 1, 1, '2019-01-15 12:40:23', 0, 1, 0, '270', 1, 270, '', 1, 0, 4, 0, 0, 0),
(615, 2, 1, 1, '2019-01-15 12:40:23', 0, 1, 0, '271', 1, 271, '', 1, 0, 4, 0, 0, 0),
(616, 2, 1, 1, '2019-01-15 12:40:23', 0, 1, 0, '272', 1, 272, '', 1, 0, 4, 0, 0, 0),
(617, 2, 1, 1, '2019-01-15 12:40:23', 0, 1, 0, '273', 1, 273, '', 1, 0, 4, 0, 0, 0),
(618, 2, 1, 1, '2019-01-15 12:40:23', 0, 1, 0, '274', 1, 274, '', 1, 0, 4, 0, 0, 0);
INSERT INTO `device` (`id`, `psn`, `shed`, `fold`, `time`, `flag`, `state`, `s_count`, `rid`, `age`, `devid`, `sn`, `version`, `battery`, `dev_state`, `dev_type`, `dev_assert`, `avg_temp`) VALUES
(619, 2, 1, 1, '2019-01-15 12:40:23', 0, 1, 0, '275', 1, 275, '', 1, 0, 4, 0, 0, 0),
(620, 2, 1, 1, '2019-01-15 12:40:23', 0, 1, 0, '276', 1, 276, '', 1, 0, 4, 0, 0, 0),
(621, 2, 1, 1, '2019-01-15 12:40:23', 0, 1, 0, '277', 1, 277, '', 1, 0, 4, 0, 0, 0),
(622, 2, 1, 1, '2019-01-15 12:40:23', 0, 1, 0, '278', 1, 278, '', 1, 0, 4, 0, 0, 0),
(623, 2, 1, 1, '2019-01-15 12:40:23', 0, 1, 0, '279', 1, 279, '', 1, 0, 4, 0, 0, 0),
(624, 2, 1, 1, '2019-01-15 12:40:23', 0, 1, 0, '280', 1, 280, '', 1, 0, 4, 0, 0, 0),
(625, 2, 1, 1, '2019-01-15 12:40:23', 0, 1, 0, '281', 1, 281, '', 1, 0, 4, 0, 0, 0),
(626, 2, 1, 1, '2019-01-15 12:40:23', 0, 1, 0, '282', 1, 282, '', 1, 0, 4, 0, 0, 0),
(627, 2, 1, 1, '2019-01-15 12:40:23', 0, 1, 0, '283', 1, 283, '', 1, 0, 4, 0, 0, 0),
(628, 2, 1, 1, '2019-01-15 12:40:23', 0, 1, 0, '284', 1, 284, '', 1, 0, 4, 0, 0, 0),
(629, 2, 1, 1, '2019-01-15 12:40:23', 0, 1, 0, '285', 1, 285, '', 1, 0, 4, 0, 0, 0),
(630, 2, 1, 1, '2019-01-15 12:40:23', 0, 1, 0, '286', 1, 286, '', 1, 0, 4, 0, 0, 0),
(631, 2, 1, 1, '2019-01-15 12:40:23', 0, 1, 0, '287', 1, 287, '', 0, 0, 0, 0, 0, 0),
(632, 2, 1, 1, '2019-01-15 12:40:23', 0, 1, 0, '288', 1, 288, '', 1, 0, 4, 0, 0, 0),
(633, 2, 1, 1, '2019-01-15 12:40:23', 0, 1, 0, '289', 1, 289, '', 1, 0, 4, 0, 0, 0),
(634, 2, 1, 1, '2019-01-15 12:40:23', 0, 1, 0, '290', 1, 290, '', 1, 0, 4, 0, 0, 0),
(635, 2, 1, 1, '2019-01-15 12:40:23', 0, 1, 0, '291', 1, 291, '', 0, 0, 0, 0, 0, 0),
(636, 2, 1, 1, '2019-01-15 12:40:23', 0, 1, 0, '292', 1, 292, '', 0, 0, 0, 0, 0, 0),
(637, 2, 1, 1, '2019-01-15 12:40:23', 0, 1, 0, '293', 1, 293, '', 0, 0, 0, 0, 0, 0),
(638, 2, 1, 1, '2019-01-15 12:40:23', 0, 1, 0, '294', 1, 294, '', 0, 0, 0, 0, 0, 0),
(639, 2, 1, 1, '2019-01-15 12:40:23', 0, 1, 0, '295', 1, 295, '', 0, 0, 0, 0, 0, 0),
(640, 2, 1, 1, '2019-01-15 12:40:23', 0, 1, 0, '296', 1, 296, '', 0, 0, 0, 0, 0, 0),
(641, 2, 1, 1, '2019-01-15 12:40:23', 0, 1, 0, '297', 1, 297, '', 0, 0, 0, 0, 0, 0),
(642, 2, 1, 1, '2019-01-15 12:40:23', 0, 1, 0, '298', 1, 298, '', 0, 0, 0, 0, 0, 0),
(643, 2, 1, 1, '2019-01-15 12:40:23', 0, 1, 0, '299', 1, 299, '', 0, 0, 0, 0, 0, 0),
(644, 2, 1, 1, '2019-01-15 12:40:23', 0, 1, 0, '300', 1, 300, '', 0, 0, 0, 0, 0, 0),
(645, 1, 1, 1, '2019-01-15 12:40:23', 0, 1, 0, '1439', 1, 1439, '', 10, 0, 4, 0, 0, 0),
(646, 1, 1, 1, '2019-01-15 12:40:23', 0, 1, 0, '1440', 1, 1440, '', 10, 0, 4, 0, 0, 0),
(647, 1, 1, 1, '2019-01-15 12:40:23', 0, 1, 0, '1441', 1, 1441, '', 10, 0, 4, 0, 0, 0),
(648, 1, 1, 1, '2019-01-15 12:40:23', 0, 1, 0, '2000', 1, 2000, '', 10, 0, 4, 0, 0, 0),
(649, 1, 1, 1, '2019-01-15 12:40:23', 0, 1, 0, '2001', 1, 2001, '', 10, 0, 4, 0, 0, 0),
(650, 1, 1, 1, '2019-01-15 12:40:23', 0, 1, 0, '2760', 1, 2760, '', 10, 0, 4, 0, 0, 0),
(651, 1, 1, 1, '2019-01-15 12:40:23', 0, 1, 1, '1', 1, 2756, '', 0, 0, 0, 0, 0, 0),
(652, 1, 1, 1, '2019-01-15 12:40:23', 0, 1, 1, '1', 1, 2757, '', 10, 0, 4, 0, 0, 0),
(653, 1, 1, 1, '2019-01-15 12:40:23', 0, 1, 1, '1', 1, 2758, '', 1, 0, 4, 0, 0, 0),
(654, 3, 1, 1, '2019-01-14 07:07:13', 1, 1, 0, '2', 1, 2, '', 1, 0, 4, 0, 0, 0),
(655, 3, 1, 1, '2019-01-14 07:07:13', 1, 1, 0, '3', 1, 3, '', 1, 0, 4, 0, 0, 0),
(656, 3, 1, 1, '2019-01-14 07:07:13', 1, 1, 0, '4', 1, 4, '', 1, 0, 4, 0, 0, 0),
(657, 3, 1, 1, '2019-01-14 07:07:13', 1, 1, 0, '5', 1, 5, '', 0, 0, 0, 0, 0, 0),
(658, 3, 1, 1, '2019-01-14 07:07:13', 1, 1, 0, '6', 1, 6, '', 0, 0, 0, 0, 0, 0),
(659, 3, 1, 1, '2019-01-14 07:07:13', 1, 1, 0, '7', 1, 7, '', 0, 0, 0, 0, 0, 0),
(660, 3, 1, 1, '2019-01-14 07:07:13', 1, 1, 0, '8', 1, 8, '', 0, 0, 0, 0, 0, 0),
(661, 3, 1, 1, '2019-01-14 07:07:13', 1, 1, 0, '9', 1, 9, '', 0, 0, 0, 0, 0, 0),
(662, 3, 1, 1, '2019-01-14 07:07:13', 1, 1, 0, '10', 1, 10, '', 0, 0, 0, 0, 0, 0),
(663, 3, 1, 1, '2019-01-14 07:07:13', 1, 1, 0, '11', 1, 11, '', 0, 0, 0, 0, 0, 0),
(664, 3, 1, 1, '2019-01-14 07:07:13', 1, 1, 0, '12', 1, 12, '', 0, 0, 0, 0, 0, 0),
(665, 3, 1, 1, '2019-01-14 07:07:13', 1, 1, 0, '13', 1, 13, '', 0, 0, 0, 0, 0, 0),
(666, 3, 1, 1, '2019-01-14 07:07:13', 1, 1, 0, '14', 1, 14, '', 0, 0, 0, 0, 0, 0),
(667, 3, 1, 1, '2019-01-14 07:07:13', 1, 1, 0, '15', 1, 15, '', 0, 0, 0, 0, 0, 0),
(668, 3, 1, 1, '2019-01-14 07:07:13', 1, 1, 0, '16', 1, 16, '', 0, 0, 0, 0, 0, 0),
(669, 3, 1, 1, '2019-01-14 07:07:13', 1, 1, 0, '17', 1, 17, '', 0, 0, 0, 0, 0, 0),
(670, 3, 1, 1, '2019-01-14 07:07:13', 1, 1, 0, '18', 1, 18, '', 0, 0, 0, 0, 0, 0),
(671, 3, 1, 1, '2019-01-14 07:07:13', 1, 1, 0, '19', 1, 19, '', 0, 0, 0, 0, 0, 0),
(672, 3, 1, 1, '2019-01-14 07:07:13', 1, 1, 0, '20', 1, 20, '', 0, 0, 0, 0, 0, 0),
(673, 3, 1, 1, '2019-01-14 07:07:13', 1, 1, 0, '21', 1, 21, '', 0, 0, 0, 0, 0, 0),
(674, 3, 1, 1, '2019-01-14 07:07:13', 1, 1, 0, '22', 1, 22, '', 0, 0, 0, 0, 0, 0),
(675, 3, 1, 1, '2019-01-14 07:07:13', 1, 1, 0, '23', 1, 23, '', 0, 0, 0, 0, 0, 0),
(676, 3, 1, 1, '2019-01-14 07:07:13', 1, 1, 0, '24', 1, 24, '', 0, 0, 0, 0, 0, 0),
(677, 3, 1, 1, '2019-01-14 07:07:13', 1, 1, 0, '25', 1, 25, '', 0, 0, 0, 0, 0, 0),
(678, 3, 1, 1, '2019-01-14 07:07:13', 1, 1, 0, '26', 1, 26, '', 0, 0, 0, 0, 0, 0),
(679, 3, 1, 1, '2019-01-14 07:07:13', 1, 1, 0, '27', 1, 27, '', 0, 0, 0, 0, 0, 0),
(680, 3, 1, 1, '2019-01-14 07:07:13', 1, 1, 0, '28', 1, 28, '', 0, 0, 0, 0, 0, 0),
(681, 3, 1, 1, '2019-01-14 07:07:13', 1, 1, 0, '29', 1, 29, '', 0, 0, 0, 0, 0, 0),
(682, 3, 1, 1, '2019-01-14 07:07:13', 1, 1, 0, '30', 1, 30, '', 0, 0, 0, 0, 0, 0),
(683, 3, 1, 1, '2019-01-14 07:07:13', 1, 1, 0, '31', 1, 31, '', 0, 0, 0, 0, 0, 0),
(684, 3, 1, 1, '2019-01-14 07:07:13', 1, 1, 0, '32', 1, 32, '', 0, 0, 0, 0, 0, 0),
(685, 3, 1, 1, '2019-01-14 07:07:13', 1, 1, 0, '33', 1, 33, '', 0, 0, 0, 0, 0, 0),
(686, 3, 1, 1, '2019-01-14 07:07:13', 1, 1, 0, '34', 1, 34, '', 0, 0, 0, 0, 0, 0),
(687, 3, 1, 1, '2019-01-14 07:07:13', 1, 1, 0, '35', 1, 35, '', 0, 0, 0, 0, 0, 0),
(688, 3, 1, 1, '2019-01-14 07:07:13', 1, 1, 0, '36', 1, 36, '', 0, 0, 0, 0, 0, 0),
(689, 3, 1, 1, '2019-01-14 07:07:13', 1, 1, 0, '37', 1, 37, '', 0, 0, 0, 0, 0, 0),
(690, 3, 1, 1, '2019-01-14 07:07:13', 1, 1, 0, '38', 1, 38, '', 0, 0, 0, 0, 0, 0),
(691, 3, 1, 1, '2019-01-14 07:07:13', 1, 1, 0, '39', 1, 39, '', 0, 0, 0, 0, 0, 0),
(692, 3, 1, 1, '2019-01-14 07:07:13', 1, 1, 0, '40', 1, 40, '', 0, 0, 0, 0, 0, 0),
(693, 3, 1, 1, '2019-01-14 07:07:13', 1, 1, 0, '41', 1, 41, '', 0, 0, 0, 0, 0, 0),
(694, 3, 1, 1, '2019-01-14 07:07:13', 1, 1, 0, '42', 1, 42, '', 0, 0, 0, 0, 0, 0),
(695, 3, 1, 1, '2019-01-14 07:07:13', 1, 1, 0, '43', 1, 43, '', 0, 0, 0, 0, 0, 0),
(696, 3, 1, 1, '2019-01-14 07:07:13', 1, 1, 0, '44', 1, 44, '', 0, 0, 0, 0, 0, 0),
(697, 3, 1, 1, '2019-01-14 07:07:13', 1, 1, 0, '45', 1, 45, '', 0, 0, 0, 0, 0, 0),
(698, 3, 1, 1, '2019-01-14 07:07:13', 1, 1, 0, '46', 1, 46, '', 0, 0, 0, 0, 0, 0),
(699, 3, 1, 1, '2019-01-14 07:07:13', 1, 1, 0, '47', 1, 47, '', 0, 0, 0, 0, 0, 0),
(700, 3, 1, 1, '2019-01-14 07:07:13', 1, 1, 0, '48', 1, 48, '', 0, 0, 0, 0, 0, 0),
(701, 3, 1, 1, '2019-01-14 07:07:13', 1, 1, 0, '49', 1, 49, '', 0, 0, 0, 0, 0, 0),
(702, 3, 1, 1, '2019-01-14 07:07:13', 1, 1, 0, '50', 1, 50, '', 0, 0, 0, 0, 0, 0);

-- --------------------------------------------------------

--
-- 表的结构 `factory`
--

CREATE TABLE `factory` (
  `id` int(11) NOT NULL,
  `psnid` int(11) NOT NULL,
  `devid` int(11) NOT NULL,
  `time` datetime NOT NULL,
  `state` int(11) NOT NULL COMMENT '1初始2成功3失败',
  `fsn` varchar(40) DEFAULT NULL
) ENGINE=InnoDB DEFAULT CHARSET=utf8;

-- --------------------------------------------------------

--
-- 表的结构 `field`
--

CREATE TABLE `field` (
  `id` int(11) NOT NULL,
  `sheds` int(11) NOT NULL,
  `folds` int(11) NOT NULL,
  `userid` int(11) NOT NULL
) ENGINE=InnoDB DEFAULT CHARSET=utf8;

-- --------------------------------------------------------

--
-- 表的结构 `homepage`
--

CREATE TABLE `homepage` (
  `id` int(11) NOT NULL,
  `state` int(11) NOT NULL DEFAULT '0' COMMENT '1,更改域名',
  `hostname` varchar(128) NOT NULL
) ENGINE=InnoDB DEFAULT CHARSET=utf8;

-- --------------------------------------------------------

--
-- 表的结构 `product`
--

CREATE TABLE `product` (
  `sn` int(11) NOT NULL,
  `freq` int(11) NOT NULL,
  `rtc` int(11) NOT NULL,
  `adc` int(11) NOT NULL,
  `rt` int(11) NOT NULL,
  `state` int(11) NOT NULL,
  `time` datetime NOT NULL,
  `adc1` int(11) NOT NULL,
  `adc2` int(11) NOT NULL,
  `adc3` int(11) NOT NULL
) ENGINE=InnoDB DEFAULT CHARSET=utf8;

-- --------------------------------------------------------

--
-- 表的结构 `psn`
--

CREATE TABLE `psn` (
  `id` int(11) NOT NULL,
  `tsn` int(11) NOT NULL COMMENT '国标编码',
  `sn` int(11) NOT NULL COMMENT 'SN',
  `check_value` float NOT NULL COMMENT '补偿系数',
  `base_temp` float NOT NULL COMMENT '基础温度',
  `htemplev1` float NOT NULL,
  `htemplev2` float NOT NULL,
  `ltemplev1` float NOT NULL,
  `ltemplev2` float NOT NULL,
  `userid` int(11) NOT NULL,
  `info` varchar(40) DEFAULT NULL
) ENGINE=InnoDB DEFAULT CHARSET=utf8;

--
-- 转存表中的数据 `psn`
--

INSERT INTO `psn` (`id`, `tsn`, `sn`, `check_value`, `base_temp`, `htemplev1`, `htemplev2`, `ltemplev1`, `ltemplev2`, `userid`, `info`) VALUES
(1, 1086756300, 1, 0.25, 39, 39.5, 40, 38, 30, 22, '一区'),
(2, 2086756300, 2, 0.25, 39, 39.5, 40, 38, 30, 23, '二区'),
(3, 1086100000, 3, 0.25, 39, 39.5, 40, 38, 30, 18, '北京测试');

-- --------------------------------------------------------

--
-- 表的结构 `rate`
--

CREATE TABLE `rate` (
  `id` int(11) NOT NULL,
  `rate_id` int(11) NOT NULL,
  `rate` int(11) NOT NULL
) ENGINE=InnoDB DEFAULT CHARSET=utf8;

--
-- 转存表中的数据 `rate`
--

INSERT INTO `rate` (`id`, `rate_id`, `rate`) VALUES
(1, 0, 431687500),
(2, 1, 431937500),
(3, 2, 432000000),
(4, 3, 432062500),
(5, 4, 432312500),
(6, 5, 433993750),
(7, 6, 433937500),
(8, 7, 434000000),
(9, 8, 434062500),
(10, 9, 434312500);

-- --------------------------------------------------------

--
-- 表的结构 `recovery`
--

CREATE TABLE `recovery` (
  `id` int(11) NOT NULL,
  `devid` int(11) NOT NULL,
  `psnid` int(11) NOT NULL,
  `temp1` float NOT NULL,
  `msg` varchar(250) NOT NULL,
  `time` timestamp NOT NULL DEFAULT CURRENT_TIMESTAMP
) ENGINE=InnoDB DEFAULT CHARSET=utf8;

-- --------------------------------------------------------

--
-- 表的结构 `sickness`
--

CREATE TABLE `sickness` (
  `id` int(11) NOT NULL,
  `devid` int(11) NOT NULL,
  `psnid` int(11) NOT NULL,
  `sn` varchar(40) DEFAULT NULL,
  `shed` int(11) NOT NULL COMMENT '棚',
  `fold` int(11) NOT NULL COMMENT '栏',
  `state` int(11) NOT NULL,
  `flag` int(11) NOT NULL DEFAULT '0' COMMENT '治疗状态',
  `help` int(11) NOT NULL DEFAULT '0',
  `level` int(11) NOT NULL DEFAULT '0' COMMENT '标记颜色',
  `days` int(11) NOT NULL DEFAULT '0',
  `temp1` float NOT NULL,
  `time` int(11) NOT NULL,
  `date` timestamp NOT NULL DEFAULT CURRENT_TIMESTAMP ON UPDATE CURRENT_TIMESTAMP
) ENGINE=InnoDB DEFAULT CHARSET=utf8 COMMENT='不良设备';

-- --------------------------------------------------------

--
-- 表的结构 `sickrecord`
--

CREATE TABLE `sickrecord` (
  `id` int(11) NOT NULL,
  `devid` int(11) NOT NULL,
  `psnid` int(11) NOT NULL,
  `temp1` float NOT NULL,
  `msg` varchar(250) NOT NULL,
  `time` timestamp NOT NULL DEFAULT CURRENT_TIMESTAMP
) ENGINE=InnoDB DEFAULT CHARSET=utf8mb4;

-- --------------------------------------------------------

--
-- 表的结构 `taccess`
--

CREATE TABLE `taccess` (
  `id` int(11) NOT NULL,
  `temp1` float NOT NULL,
  `temp2` float DEFAULT NULL,
  `env_temp` float NOT NULL,
  `delay` int(11) DEFAULT '0',
  `time` int(11) NOT NULL,
  `devid` int(11) NOT NULL COMMENT '设备ID',
  `psn` int(11) NOT NULL DEFAULT '0' COMMENT 'psnid',
  `cur_time` timestamp NOT NULL DEFAULT CURRENT_TIMESTAMP
) ENGINE=InnoDB DEFAULT CHARSET=utf8;

-- --------------------------------------------------------

--
-- 表的结构 `temperror`
--

CREATE TABLE `temperror` (
  `id` int(11) NOT NULL,
  `devid` int(11) NOT NULL COMMENT '设备ID',
  `temp1` float NOT NULL,
  `time` int(11) NOT NULL,
  `cur_time` timestamp NOT NULL DEFAULT CURRENT_TIMESTAMP
) ENGINE=InnoDB DEFAULT CHARSET=utf8;

-- --------------------------------------------------------

--
-- 表的结构 `user`
--

CREATE TABLE `user` (
  `id` int(11) NOT NULL,
  `name` varchar(125) NOT NULL,
  `pwd` varchar(125) NOT NULL,
  `info` varchar(80) DEFAULT NULL,
  `tmp` varchar(20) NOT NULL
) ENGINE=InnoDB DEFAULT CHARSET=utf8;

--
-- 转存表中的数据 `user`
--

INSERT INTO `user` (`id`, `name`, `pwd`, `info`, `tmp`) VALUES
(18, 'testhome', '0fbf97af50536d28480e64d810a5c98f', '', 'test234'),
(22, 'xinghongwang1', '8f9efa027aac945fc64d9d31926343b5', '兴鸿旺牧业', 'xhwang125'),
(23, 'fangyuan1', '2a1ce5ef70bd75f59dfe3e6d1e23f431', '方圆养殖', 'fyuan410'),
(24, '13801394601', 'fd9f83a9a902dd974bd47f2004dd8f48', NULL, 'test234');

-- --------------------------------------------------------

--
-- 表的结构 `useropenid`
--

CREATE TABLE `useropenid` (
  `id` int(11) NOT NULL,
  `userid` int(11) NOT NULL,
  `openid` varchar(80) NOT NULL
) ENGINE=InnoDB DEFAULT CHARSET=utf8;

--
-- 转存表中的数据 `useropenid`
--

INSERT INTO `useropenid` (`id`, `userid`, `openid`) VALUES
(2, 22, 'owIK80WnkJnwkC_6HHM2GRX3BM3Q'),
(4, 22, 'owIK80STNaS4fpFh8FH7LK0mL2Ro'),
(19, 23, 'owIK80fVYQv3JUUaXVQhD454l7Vk');

--
-- Indexes for dumped tables
--

--
-- Indexes for table `access`
--
ALTER TABLE `access`
  ADD PRIMARY KEY (`id`);

--
-- Indexes for table `bdevice`
--
ALTER TABLE `bdevice`
  ADD PRIMARY KEY (`autoid`);

--
-- Indexes for table `brssi`
--
ALTER TABLE `brssi`
  ADD PRIMARY KEY (`id`);

--
-- Indexes for table `device`
--
ALTER TABLE `device`
  ADD PRIMARY KEY (`id`),
  ADD KEY `shed` (`shed`,`fold`),
  ADD KEY `devid` (`devid`);

--
-- Indexes for table `factory`
--
ALTER TABLE `factory`
  ADD PRIMARY KEY (`id`);

--
-- Indexes for table `field`
--
ALTER TABLE `field`
  ADD PRIMARY KEY (`id`);

--
-- Indexes for table `homepage`
--
ALTER TABLE `homepage`
  ADD PRIMARY KEY (`id`);

--
-- Indexes for table `psn`
--
ALTER TABLE `psn`
  ADD PRIMARY KEY (`id`);

--
-- Indexes for table `rate`
--
ALTER TABLE `rate`
  ADD PRIMARY KEY (`id`);

--
-- Indexes for table `recovery`
--
ALTER TABLE `recovery`
  ADD PRIMARY KEY (`id`);

--
-- Indexes for table `sickness`
--
ALTER TABLE `sickness`
  ADD PRIMARY KEY (`id`);

--
-- Indexes for table `sickrecord`
--
ALTER TABLE `sickrecord`
  ADD PRIMARY KEY (`id`);

--
-- Indexes for table `taccess`
--
ALTER TABLE `taccess`
  ADD PRIMARY KEY (`id`),
  ADD KEY `devid` (`devid`);

--
-- Indexes for table `temperror`
--
ALTER TABLE `temperror`
  ADD PRIMARY KEY (`id`);

--
-- Indexes for table `user`
--
ALTER TABLE `user`
  ADD PRIMARY KEY (`id`),
  ADD KEY `name` (`name`);

--
-- Indexes for table `useropenid`
--
ALTER TABLE `useropenid`
  ADD PRIMARY KEY (`id`);

--
-- 在导出的表使用AUTO_INCREMENT
--

--
-- 使用表AUTO_INCREMENT `access`
--
ALTER TABLE `access`
  MODIFY `id` int(11) NOT NULL AUTO_INCREMENT, AUTO_INCREMENT=212982;

--
-- 使用表AUTO_INCREMENT `bdevice`
--
ALTER TABLE `bdevice`
  MODIFY `autoid` int(11) NOT NULL AUTO_INCREMENT, AUTO_INCREMENT=22;

--
-- 使用表AUTO_INCREMENT `brssi`
--
ALTER TABLE `brssi`
  MODIFY `id` int(11) NOT NULL AUTO_INCREMENT, AUTO_INCREMENT=609;

--
-- 使用表AUTO_INCREMENT `device`
--
ALTER TABLE `device`
  MODIFY `id` int(11) NOT NULL AUTO_INCREMENT, AUTO_INCREMENT=703;

--
-- 使用表AUTO_INCREMENT `factory`
--
ALTER TABLE `factory`
  MODIFY `id` int(11) NOT NULL AUTO_INCREMENT, AUTO_INCREMENT=524;

--
-- 使用表AUTO_INCREMENT `field`
--
ALTER TABLE `field`
  MODIFY `id` int(11) NOT NULL AUTO_INCREMENT, AUTO_INCREMENT=2;

--
-- 使用表AUTO_INCREMENT `homepage`
--
ALTER TABLE `homepage`
  MODIFY `id` int(11) NOT NULL AUTO_INCREMENT;

--
-- 使用表AUTO_INCREMENT `psn`
--
ALTER TABLE `psn`
  MODIFY `id` int(11) NOT NULL AUTO_INCREMENT, AUTO_INCREMENT=4;

--
-- 使用表AUTO_INCREMENT `rate`
--
ALTER TABLE `rate`
  MODIFY `id` int(11) NOT NULL AUTO_INCREMENT, AUTO_INCREMENT=11;

--
-- 使用表AUTO_INCREMENT `recovery`
--
ALTER TABLE `recovery`
  MODIFY `id` int(11) NOT NULL AUTO_INCREMENT, AUTO_INCREMENT=3;

--
-- 使用表AUTO_INCREMENT `sickness`
--
ALTER TABLE `sickness`
  MODIFY `id` int(11) NOT NULL AUTO_INCREMENT, AUTO_INCREMENT=13;

--
-- 使用表AUTO_INCREMENT `sickrecord`
--
ALTER TABLE `sickrecord`
  MODIFY `id` int(11) NOT NULL AUTO_INCREMENT;

--
-- 使用表AUTO_INCREMENT `taccess`
--
ALTER TABLE `taccess`
  MODIFY `id` int(11) NOT NULL AUTO_INCREMENT, AUTO_INCREMENT=45741;

--
-- 使用表AUTO_INCREMENT `temperror`
--
ALTER TABLE `temperror`
  MODIFY `id` int(11) NOT NULL AUTO_INCREMENT;

--
-- 使用表AUTO_INCREMENT `user`
--
ALTER TABLE `user`
  MODIFY `id` int(11) NOT NULL AUTO_INCREMENT, AUTO_INCREMENT=25;

--
-- 使用表AUTO_INCREMENT `useropenid`
--
ALTER TABLE `useropenid`
  MODIFY `id` int(11) NOT NULL AUTO_INCREMENT, AUTO_INCREMENT=20;
COMMIT;

/*!40101 SET CHARACTER_SET_CLIENT=@OLD_CHARACTER_SET_CLIENT */;
/*!40101 SET CHARACTER_SET_RESULTS=@OLD_CHARACTER_SET_RESULTS */;
/*!40101 SET COLLATION_CONNECTION=@OLD_COLLATION_CONNECTION */;
